start Wed Sep 16 18:37:16 JST 2026
-- Configuring done (0.7s)
-- Generating done (8.7s)
-- Build files have been written to: /Users/lihi-ai/loka-ub1/build/macos-10.4-ub1/Release-ppc
[0/2] Re-checking globbed directories...
[1/37] Building OBJCXX object apple/macos/CMakeFiles/LokaMacOSCore.dir/src/MacBuiltInSupport.mm.o
[2/37] Building OBJCXX object apple/macos/CMakeFiles/LokaMacOSCore.dir/src/MacPlatformContext.mm.o
[3/37] Building OBJCXX object apple/macos/CMakeFiles/LokaMacOSCore.dir/src/context/MacOpenFileDialogContext.mm.o
[4/37] Building CXX object apple/macos/CMakeFiles/LokaMacOSCore.dir/__/__/common/app/layout/LayoutHeuristics.cpp.o
[5/37] Building CXX object apple/macos/CMakeFiles/LokaMacOSCore.dir/__/__/common/app/scene/Node.cpp.o
[6/37] Building OBJCXX object apple/macos/CMakeFiles/LokaMacOSCore.dir/src/MacApp.mm.o
/Users/lihi-ai/loka-ub1/apple/macos/src/MacApp.mm:15: warning: Mac OS X version 10.5 or later is needed for use of property
/Users/lihi-ai/loka-ub1/apple/macos/src/MacApp.mm:34: warning: Mac OS X version 10.5 or later is needed for use of property
/Users/lihi-ai/loka-ub1/apple/macos/src/MacApp.mm: In member function 'virtual void MacApp::run()':
/Users/lihi-ai/loka-ub1/apple/macos/src/MacApp.mm:117: warning: no '-setActivationPolicy:' method found
/Users/lihi-ai/loka-ub1/apple/macos/src/MacApp.mm:117: warning: (Messages without a matching method signature
/Users/lihi-ai/loka-ub1/apple/macos/src/MacApp.mm:117: warning: will be assumed to return 'id' and accept
/Users/lihi-ai/loka-ub1/apple/macos/src/MacApp.mm:117: warning: '...' as arguments.)
[7/37] Building CXX object apple/macos/CMakeFiles/LokaMacOSCore.dir/__/__/common/app/scene/boundary/BoundaryInnerStateOwner.cpp.o
[8/37] Building CXX object apple/macos/CMakeFiles/LokaMacOSCore.dir/__/__/common/app/core/DialogResultTransport.cpp.o
[9/37] Building CXX object apple/macos/CMakeFiles/LokaMacOSCore.dir/__/__/common/app/scene/boundary/detail/NodeBuildTicket.cpp.o
[10/37] Building CXX object apple/macos/CMakeFiles/LokaMacOSCore.dir/__/__/common/app/scene/boundary/detail/SeatBuildRequest.cpp.o
[11/37] Building OBJCXX object apple/macos/CMakeFiles/LokaMacOSCore.dir/src/MacScenePlatformController.mm.o
[12/37] Building CXX object apple/macos/CMakeFiles/LokaMacOSCore.dir/__/__/common/app/scene/node/Conditional.cpp.o
[13/37] Building CXX object apple/macos/CMakeFiles/LokaMacOSCore.dir/__/__/common/core/LokaAlloc.cpp.o
[14/37] Building CXX object apple/macos/CMakeFiles/LokaMacOSCore.dir/__/__/common/core/Profiler.cpp.o
[15/37] Building CXX object apple/macos/CMakeFiles/LokaMacOSCore.dir/__/__/common/app/scene/projection/PlatformController.cpp.o
[16/37] Building CXX object apple/macos/CMakeFiles/LokaMacOSCore.dir/__/__/common/app/scene/boundary/detail/SeatReservation.cpp.o
[17/37] Building CXX object apple/macos/CMakeFiles/LokaMacOSCore.dir/__/__/common/core/String.cpp.o
[18/37] Building CXX object apple/macos/CMakeFiles/LokaMacOSCore.dir/__/__/common/core/StateTracker.cpp.o
[19/37] Building CXX object apple/macos/CMakeFiles/LokaMacOSCore.dir/__/__/common/core/diag/LifecycleAudit.cpp.o
[20/37] Building CXX object apple/macos/CMakeFiles/LokaMacOSCore.dir/__/__/common/core/StringBuffer.cpp.o
[21/37] Building CXX object apple/macos/CMakeFiles/LokaMacOSCore.dir/__/__/common/core/resource/lrpk/LrpkStdioByteSource.cpp.o
[22/37] Building CXX object apple/macos/CMakeFiles/LokaMacOSCore.dir/__/__/common/platform/GenericString.cpp.o
[23/37] Building CXX object apple/macos/CMakeFiles/LokaMacOSCore.dir/__/__/common/platform/StringUTF8.cpp.o
[24/37] Building CXX object apple/macos/CMakeFiles/LokaMacOSCore.dir/__/__/common/platform/debug/GenericDebugLog.cpp.o
[25/37] Building CXX object apple/macos/CMakeFiles/LokaMacOSCore.dir/__/__/common/core/resource/lrpk/LrpkReader.cpp.o
[26/37] Building CXX object apple/macos/CMakeFiles/LokaMacOSCore.dir/__/__/common/platform/file/GenericAppLocation.cpp.o
[27/37] Building CXX object apple/macos/CMakeFiles/LokaMacOSCore.dir/__/__/common/platform/file/GenericFileIO.cpp.o
[28/37] Building CXX object apple/macos/CMakeFiles/LokaMacOSCore.dir/__/__/common/core/Value.cpp.o
[29/37] Building CXX object apple/macos/CMakeFiles/LokaMacOSCore.dir/__/__/common/testing/scene/ScenarioAudit.cpp.o
[30/37] Building CXX object apple/macos/CMakeFiles/LokaMacOSCore.dir/__/__/common/testing/snap/SnapFormat.cpp.o
[31/37] Building CXX object apple/macos/CMakeFiles/LokaMacOSCore.dir/__/__/common/app/scene/composition/NodeComposition.cpp.o
[32/37] Building OBJCXX object apple/macos/CMakeFiles/LokaMacOSCore.dir/src/MacWindow.mm.o
/Users/lihi-ai/loka-ub1/apple/macos/src/MacWindow.mm:56: warning: Mac OS X version 10.5 or later is needed for use of property
[33/37] Building CXX object apple/macos/CMakeFiles/LokaMacOSCore.dir/__/__/common/app/scene/boundary/Boundary.cpp.o
[34/37] Linking CXX static library apple/macos/libLokaMacOSCore.a
/Developer/usr/bin/ranlib: file: apple/macos/libLokaMacOSCore.a(LifecycleAudit.cpp.o) has no symbols
/Developer/usr/bin/ranlib: file: apple/macos/libLokaMacOSCore.a(GenericString.cpp.o) has no symbols
/Developer/usr/bin/ranlib: file: apple/macos/libLokaMacOSCore.a(GenericDebugLog.cpp.o) has no symbols
/Developer/usr/bin/ranlib: file: apple/macos/libLokaMacOSCore.a(GenericAppLocation.cpp.o) has no symbols
/Developer/usr/bin/ranlib: file: apple/macos/libLokaMacOSCore.a(LifecycleAudit.cpp.o) has no symbols
/Developer/usr/bin/ranlib: file: apple/macos/libLokaMacOSCore.a(GenericString.cpp.o) has no symbols
/Developer/usr/bin/ranlib: file: apple/macos/libLokaMacOSCore.a(GenericDebugLog.cpp.o) has no symbols
/Developer/usr/bin/ranlib: file: apple/macos/libLokaMacOSCore.a(GenericAppLocation.cpp.o) has no symbols
[35/37] Building OBJCXX object example/SimpleViewer/CMakeFiles/LokaSimpleViewerMacOS.dir/src/MacOSMain.mm.o
[36/37] Linking CXX executable example/SimpleViewer/LokaSimpleViewerMacOS.app/Contents/MacOS/LokaSimpleViewerMacOS
ld: warning: object file compiled with -mlong-branch which is no longer needed. To remove this warning, recompile without -mlong-branch: /Developer/SDKs/MacOSX10.4u.sdk/usr/lib/crt1.o
ld: warning: object file compiled with -mlong-branch which is no longer needed. To remove this warning, recompile without -mlong-branch: /Developer/usr/bin/../lib/gcc/powerpc-apple-darwin10/4.0.1/crt3.o
-- Configuring done (0.1s)
-- Generating done (0.3s)
-- Build files have been written to: /Users/lihi-ai/loka-ub1/build/macos-10.4-ub1/Release-ppc
[0/2] Re-checking globbed directories...
[1/65] Copying OS X Content apple/macos/LokaScrapbookStandaloneLoopMacOS.app/Contents/Resources/ASSETS.LRP
[2/65] Building OBJCXX object apple/macos/CMakeFiles/LokaScrapbookStandaloneLoopMacOS.dir/src/MacBootstrap.mm.o
[3/65] Building CXX object apple/macos/CMakeFiles/LokaScrapbookStandaloneLoopMacOS.dir/__/__/tests/scenarios/ScenarioTypes.cpp.o
[4/65] Building OBJCXX object apple/macos/CMakeFiles/LokaScrapbookStandaloneLoopMacOS.dir/src/MacMenuProjection.mm.o
[5/65] Building CXX object apple/macos/CMakeFiles/LokaScrapbookStandaloneLoopMacOS.dir/__/__/tests/TestingHooks.cpp.o
[6/65] Building CXX object apple/macos/CMakeFiles/LokaScrapbookStandaloneLoopMacOS.dir/__/__/tests/scenarios/ScenarioReel.cpp.o
[7/65] Building CXX object apple/macos/CMakeFiles/LokaScrapbookStandaloneLoopMacOS.dir/__/__/tests/standalone/StandaloneScenarioSupport.cpp.o
[8/65] Building CXX object apple/macos/CMakeFiles/LokaScrapbookStandaloneLoopMacOS.dir/src/MacProfiler.cpp.o
[9/65] Building OBJCXX object apple/macos/CMakeFiles/LokaScrapbookStandaloneLoopMacOS.dir/src/MacBuiltInSupport.mm.o
[10/65] Building OBJCXX object apple/macos/CMakeFiles/LokaScrapbookStandaloneLoopMacOS.dir/__/__/tests/macos/StandaloneFlowMain.mm.o
[11/65] Building OBJCXX object apple/macos/CMakeFiles/LokaScrapbookStandaloneLoopMacOS.dir/src/MacApp.mm.o
/Users/lihi-ai/loka-ub1/apple/macos/src/MacApp.mm:15: warning: Mac OS X version 10.5 or later is needed for use of property
/Users/lihi-ai/loka-ub1/apple/macos/src/MacApp.mm:34: warning: Mac OS X version 10.5 or later is needed for use of property
/Users/lihi-ai/loka-ub1/apple/macos/src/MacApp.mm: In member function 'virtual void MacApp::run()':
/Users/lihi-ai/loka-ub1/apple/macos/src/MacApp.mm:117: warning: no '-setActivationPolicy:' method found
/Users/lihi-ai/loka-ub1/apple/macos/src/MacApp.mm:117: warning: (Messages without a matching method signature
/Users/lihi-ai/loka-ub1/apple/macos/src/MacApp.mm:117: warning: will be assumed to return 'id' and accept
/Users/lihi-ai/loka-ub1/apple/macos/src/MacApp.mm:117: warning: '...' as arguments.)
[12/65] Building OBJCXX object apple/macos/CMakeFiles/LokaScrapbookStandaloneLoopMacOS.dir/src/MacDisplayAppearance.mm.o
[13/65] Building OBJCXX object apple/macos/CMakeFiles/LokaScrapbookStandaloneLoopMacOS.dir/src/context/MacRetirableContext.mm.o
[14/65] Building OBJCXX object apple/macos/CMakeFiles/LokaScrapbookStandaloneLoopMacOS.dir/src/platform/MacAppLocation.mm.o
[15/65] Building OBJCXX object apple/macos/CMakeFiles/LokaScrapbookStandaloneLoopMacOS.dir/src/MacPlatformContext.mm.o
[16/65] Building OBJCXX object apple/macos/CMakeFiles/LokaScrapbookStandaloneLoopMacOS.dir/src/context/MacButtonContext.mm.o
/Users/lihi-ai/loka-ub1/apple/macos/src/context/MacButtonContext.mm:86: warning: Mac OS X version 10.5 or later is needed for use of property
[17/65] Building OBJCXX object apple/macos/CMakeFiles/LokaScrapbookStandaloneLoopMacOS.dir/src/context/MacCellContext.mm.o
/Users/lihi-ai/loka-ub1/apple/macos/src/context/MacCellContext.mm: In constructor 'MacCellContext::MacCellContext(MacScenePlatformController*, void*, int, int, int, int, loka::app::CellNode*)':
/Users/lihi-ai/loka-ub1/apple/macos/src/context/MacCellContext.mm:155: warning: 'LokaCellView' may not respond to '-setWantsLayer:'
/Users/lihi-ai/loka-ub1/apple/macos/src/context/MacCellContext.mm:155: warning: (Messages without a matching method signature
/Users/lihi-ai/loka-ub1/apple/macos/src/context/MacCellContext.mm:155: warning: will be assumed to return 'id' and accept
/Users/lihi-ai/loka-ub1/apple/macos/src/context/MacCellContext.mm:155: warning: '...' as arguments.)
[18/65] Building OBJCXX object apple/macos/CMakeFiles/LokaScrapbookStandaloneLoopMacOS.dir/src/MacScenePlatformController.mm.o
[19/65] Building OBJCXX object apple/macos/CMakeFiles/LokaScrapbookStandaloneLoopMacOS.dir/src/context/MacEditTextContext.mm.o
/Users/lihi-ai/loka-ub1/apple/macos/src/context/MacEditTextContext.mm:49: warning: Mac OS X version 10.5 or later is needed for use of property
[20/65] Building OBJCXX object apple/macos/CMakeFiles/LokaScrapbookStandaloneLoopMacOS.dir/src/context/MacOpenFileDialogContext.mm.o
/Users/lihi-ai/loka-ub1/apple/macos/src/context/MacOpenFileDialogContext.mm:22: warning: Mac OS X version 10.5 or later is needed for use of property
[21/65] Building OBJCXX object apple/macos/CMakeFiles/LokaScrapbookStandaloneLoopMacOS.dir/src/context/MacTextContext.mm.o
[22/65] Building OBJCXX object apple/macos/CMakeFiles/LokaScrapbookStandaloneLoopMacOS.dir/__/common/cocoa/src/AppleString.mm.o
[23/65] Building OBJCXX object apple/macos/CMakeFiles/LokaScrapbookStandaloneLoopMacOS.dir/src/context/MacImageViewContext.mm.o
[24/65] Building OBJCXX object apple/macos/CMakeFiles/LokaScrapbookStandaloneLoopMacOS.dir/src/context/MacRectSurfaceContext.mm.o
[25/65] Building CXX object apple/macos/CMakeFiles/LokaScrapbookStandaloneLoopMacOS.dir/__/__/common/app/MenuComposition.cpp.o
[26/65] Building OBJCXX object apple/macos/CMakeFiles/LokaScrapbookStandaloneLoopMacOS.dir/src/context/MacScrollViewContext.mm.o
[27/65] Building OBJCXX object apple/macos/CMakeFiles/LokaScrapbookStandaloneLoopMacOS.dir/src/context/MacPopupMenuContext.mm.o
/Users/lihi-ai/loka-ub1/apple/macos/src/context/MacPopupMenuContext.mm:47: warning: Mac OS X version 10.5 or later is needed for use of property
[28/65] Building CXX object apple/macos/CMakeFiles/LokaScrapbookStandaloneLoopMacOS.dir/__/__/common/app/core/AppComposition.cpp.o
[29/65] Building CXX object apple/macos/CMakeFiles/LokaScrapbookStandaloneLoopMacOS.dir/__/__/common/app/core/App.cpp.o
[30/65] Building CXX object apple/macos/CMakeFiles/LokaScrapbookStandaloneLoopMacOS.dir/__/__/common/app/core/MenuController.cpp.o
[31/65] Building CXX object apple/macos/CMakeFiles/LokaScrapbookStandaloneLoopMacOS.dir/__/__/common/app/scene/Node.cpp.o
[32/65] Building CXX object apple/macos/CMakeFiles/LokaScrapbookStandaloneLoopMacOS.dir/__/__/common/app/layout/LayoutHeuristics.cpp.o
[33/65] Building CXX object apple/macos/CMakeFiles/LokaScrapbookStandaloneLoopMacOS.dir/__/__/common/app/core/DialogResultTransport.cpp.o
[34/65] Building CXX object apple/macos/CMakeFiles/LokaScrapbookStandaloneLoopMacOS.dir/__/__/common/app/scene/boundary/detail/NodeBuildTicket.cpp.o
[35/65] Building CXX object apple/macos/CMakeFiles/LokaScrapbookStandaloneLoopMacOS.dir/__/__/common/app/scene/boundary/detail/SeatBuildRequest.cpp.o
[36/65] Building CXX object apple/macos/CMakeFiles/LokaScrapbookStandaloneLoopMacOS.dir/__/__/common/app/scene/boundary/BoundaryInnerStateOwner.cpp.o
[37/65] Building CXX object apple/macos/CMakeFiles/LokaScrapbookStandaloneLoopMacOS.dir/__/__/common/app/scene/boundary/detail/SeatReservation.cpp.o
[38/65] Building OBJCXX object apple/macos/CMakeFiles/LokaScrapbookStandaloneLoopMacOS.dir/src/MacWindow.mm.o
/Users/lihi-ai/loka-ub1/apple/macos/src/MacWindow.mm:56: warning: Mac OS X version 10.5 or later is needed for use of property
[39/65] Building CXX object apple/macos/CMakeFiles/LokaScrapbookStandaloneLoopMacOS.dir/__/__/common/app/scene/projection/PlatformController.cpp.o
[40/65] Building CXX object apple/macos/CMakeFiles/LokaScrapbookStandaloneLoopMacOS.dir/__/__/common/core/LokaAlloc.cpp.o
[41/65] Building CXX object apple/macos/CMakeFiles/LokaScrapbookStandaloneLoopMacOS.dir/__/__/common/core/Profiler.cpp.o
[42/65] Building CXX object apple/macos/CMakeFiles/LokaScrapbookStandaloneLoopMacOS.dir/__/__/common/app/scene/node/Conditional.cpp.o
[43/65] Building CXX object apple/macos/CMakeFiles/LokaScrapbookStandaloneLoopMacOS.dir/__/__/common/core/String.cpp.o
[44/65] Building CXX object apple/macos/CMakeFiles/LokaScrapbookStandaloneLoopMacOS.dir/__/__/common/core/StateTracker.cpp.o
[45/65] Building CXX object apple/macos/CMakeFiles/LokaScrapbookStandaloneLoopMacOS.dir/__/__/common/core/StringBuffer.cpp.o
[46/65] Building CXX object apple/macos/CMakeFiles/LokaScrapbookStandaloneLoopMacOS.dir/__/__/common/core/diag/LifecycleAudit.cpp.o
[47/65] Building CXX object apple/macos/CMakeFiles/LokaScrapbookStandaloneLoopMacOS.dir/__/__/common/app/scene/composition/NodeComposition.cpp.o
[48/65] Building CXX object apple/macos/CMakeFiles/LokaScrapbookStandaloneLoopMacOS.dir/__/__/common/core/resource/lrpk/LrpkStdioByteSource.cpp.o
[49/65] Building CXX object apple/macos/CMakeFiles/LokaScrapbookStandaloneLoopMacOS.dir/__/__/common/platform/GenericString.cpp.o
[50/65] Building CXX object apple/macos/CMakeFiles/LokaScrapbookStandaloneLoopMacOS.dir/__/__/common/platform/StringUTF8.cpp.o
[51/65] Building CXX object apple/macos/CMakeFiles/LokaScrapbookStandaloneLoopMacOS.dir/__/__/common/core/resource/lrpk/LrpkReader.cpp.o
[52/65] Building CXX object apple/macos/CMakeFiles/LokaScrapbookStandaloneLoopMacOS.dir/__/__/common/platform/debug/GenericDebugLog.cpp.o
[53/65] Building CXX object apple/macos/CMakeFiles/LokaScrapbookStandaloneLoopMacOS.dir/__/__/common/platform/file/GenericAppLocation.cpp.o
[54/65] Building CXX object apple/macos/CMakeFiles/LokaScrapbookStandaloneLoopMacOS.dir/__/__/common/core/Value.cpp.o
[55/65] Building CXX object apple/macos/CMakeFiles/LokaScrapbookStandaloneLoopMacOS.dir/__/__/common/platform/file/GenericFileIO.cpp.o
[56/65] Building CXX object apple/macos/CMakeFiles/LokaScrapbookStandaloneLoopMacOS.dir/__/__/common/app/core/SceneManager.cpp.o
[57/65] Building CXX object apple/macos/CMakeFiles/LokaScrapbookStandaloneLoopMacOS.dir/__/__/common/testing/scene/ScenarioAudit.cpp.o
[58/65] Building CXX object apple/macos/CMakeFiles/LokaScrapbookStandaloneLoopMacOS.dir/__/__/common/testing/snap/SnapFormat.cpp.o
[59/65] Building CXX object apple/macos/CMakeFiles/LokaScrapbookStandaloneLoopMacOS.dir/__/__/common/app/core/Window.cpp.o
[60/65] Building CXX object apple/macos/CMakeFiles/LokaScrapbookStandaloneLoopMacOS.dir/__/__/example/ScrapbookUI/src/ScrapbookPackage.cpp.o
[61/65] Building CXX object apple/macos/CMakeFiles/LokaScrapbookStandaloneLoopMacOS.dir/__/__/common/app/scene/boundary/Boundary.cpp.o
[62/65] Building CXX object apple/macos/CMakeFiles/LokaScrapbookStandaloneLoopMacOS.dir/__/__/tests/scenarios/ScrapbookScenarios.cpp.o
[63/65] Building CXX object apple/macos/CMakeFiles/LokaScrapbookStandaloneLoopMacOS.dir/__/__/tests/standalone/ScrapbookStandaloneFlowAppConfig.cpp.o
[64/65] Linking CXX executable apple/macos/LokaScrapbookStandaloneLoopMacOS.app/Contents/MacOS/LokaScrapbookStandaloneLoopMacOS
ld: warning: object file compiled with -mlong-branch which is no longer needed. To remove this warning, recompile without -mlong-branch: /Developer/SDKs/MacOSX10.4u.sdk/usr/lib/crt1.o
ld: warning: object file compiled with -mlong-branch which is no longer needed. To remove this warning, recompile without -mlong-branch: /Developer/usr/bin/../lib/gcc/powerpc-apple-darwin10/4.0.1/crt3.o
-- Configuring done (0.2s)
-- Generating done (0.5s)
-- Build files have been written to: /Users/lihi-ai/loka-ub1/build/macos-10.4-ub1/Release-ppc
[0/2] Re-checking globbed directories...
[1/64] Building OBJCXX object apple/macos/CMakeFiles/LokaHelloWorldStandaloneLoopMacOS.dir/src/MacBootstrap.mm.o
[2/64] Building CXX object apple/macos/CMakeFiles/LokaHelloWorldStandaloneLoopMacOS.dir/__/__/tests/scenarios/ScenarioTypes.cpp.o
[3/64] Building OBJCXX object apple/macos/CMakeFiles/LokaHelloWorldStandaloneLoopMacOS.dir/src/MacMenuProjection.mm.o
[4/64] Building CXX object apple/macos/CMakeFiles/LokaHelloWorldStandaloneLoopMacOS.dir/__/__/tests/TestingHooks.cpp.o
[5/64] Building CXX object apple/macos/CMakeFiles/LokaHelloWorldStandaloneLoopMacOS.dir/__/__/tests/scenarios/ScenarioReel.cpp.o
[6/64] Building CXX object apple/macos/CMakeFiles/LokaHelloWorldStandaloneLoopMacOS.dir/__/__/tests/standalone/StandaloneScenarioSupport.cpp.o
[7/64] Building CXX object apple/macos/CMakeFiles/LokaHelloWorldStandaloneLoopMacOS.dir/src/MacProfiler.cpp.o
[8/64] Building OBJCXX object apple/macos/CMakeFiles/LokaHelloWorldStandaloneLoopMacOS.dir/src/MacBuiltInSupport.mm.o
[9/64] Building OBJCXX object apple/macos/CMakeFiles/LokaHelloWorldStandaloneLoopMacOS.dir/__/__/tests/macos/StandaloneFlowMain.mm.o
[10/64] Building OBJCXX object apple/macos/CMakeFiles/LokaHelloWorldStandaloneLoopMacOS.dir/src/MacApp.mm.o
/Users/lihi-ai/loka-ub1/apple/macos/src/MacApp.mm:15: warning: Mac OS X version 10.5 or later is needed for use of property
/Users/lihi-ai/loka-ub1/apple/macos/src/MacApp.mm:34: warning: Mac OS X version 10.5 or later is needed for use of property
/Users/lihi-ai/loka-ub1/apple/macos/src/MacApp.mm: In member function 'virtual void MacApp::run()':
/Users/lihi-ai/loka-ub1/apple/macos/src/MacApp.mm:117: warning: no '-setActivationPolicy:' method found
/Users/lihi-ai/loka-ub1/apple/macos/src/MacApp.mm:117: warning: (Messages without a matching method signature
/Users/lihi-ai/loka-ub1/apple/macos/src/MacApp.mm:117: warning: will be assumed to return 'id' and accept
/Users/lihi-ai/loka-ub1/apple/macos/src/MacApp.mm:117: warning: '...' as arguments.)
[11/64] Building OBJCXX object apple/macos/CMakeFiles/LokaHelloWorldStandaloneLoopMacOS.dir/src/MacDisplayAppearance.mm.o
[12/64] Building OBJCXX object apple/macos/CMakeFiles/LokaHelloWorldStandaloneLoopMacOS.dir/src/platform/MacAppLocation.mm.o
[13/64] Building OBJCXX object apple/macos/CMakeFiles/LokaHelloWorldStandaloneLoopMacOS.dir/src/context/MacRetirableContext.mm.o
[14/64] Building OBJCXX object apple/macos/CMakeFiles/LokaHelloWorldStandaloneLoopMacOS.dir/src/MacPlatformContext.mm.o
[15/64] Building OBJCXX object apple/macos/CMakeFiles/LokaHelloWorldStandaloneLoopMacOS.dir/src/context/MacButtonContext.mm.o
/Users/lihi-ai/loka-ub1/apple/macos/src/context/MacButtonContext.mm:86: warning: Mac OS X version 10.5 or later is needed for use of property
[16/64] Building OBJCXX object apple/macos/CMakeFiles/LokaHelloWorldStandaloneLoopMacOS.dir/src/context/MacCellContext.mm.o
/Users/lihi-ai/loka-ub1/apple/macos/src/context/MacCellContext.mm: In constructor 'MacCellContext::MacCellContext(MacScenePlatformController*, void*, int, int, int, int, loka::app::CellNode*)':
/Users/lihi-ai/loka-ub1/apple/macos/src/context/MacCellContext.mm:155: warning: 'LokaCellView' may not respond to '-setWantsLayer:'
/Users/lihi-ai/loka-ub1/apple/macos/src/context/MacCellContext.mm:155: warning: (Messages without a matching method signature
/Users/lihi-ai/loka-ub1/apple/macos/src/context/MacCellContext.mm:155: warning: will be assumed to return 'id' and accept
/Users/lihi-ai/loka-ub1/apple/macos/src/context/MacCellContext.mm:155: warning: '...' as arguments.)
[17/64] Building OBJCXX object apple/macos/CMakeFiles/LokaHelloWorldStandaloneLoopMacOS.dir/src/MacScenePlatformController.mm.o
[18/64] Building OBJCXX object apple/macos/CMakeFiles/LokaHelloWorldStandaloneLoopMacOS.dir/src/context/MacEditTextContext.mm.o
/Users/lihi-ai/loka-ub1/apple/macos/src/context/MacEditTextContext.mm:49: warning: Mac OS X version 10.5 or later is needed for use of property
[19/64] Building OBJCXX object apple/macos/CMakeFiles/LokaHelloWorldStandaloneLoopMacOS.dir/src/context/MacOpenFileDialogContext.mm.o
/Users/lihi-ai/loka-ub1/apple/macos/src/context/MacOpenFileDialogContext.mm:22: warning: Mac OS X version 10.5 or later is needed for use of property
[20/64] Building OBJCXX object apple/macos/CMakeFiles/LokaHelloWorldStandaloneLoopMacOS.dir/src/context/MacRectSurfaceContext.mm.o
[21/64] Building OBJCXX object apple/macos/CMakeFiles/LokaHelloWorldStandaloneLoopMacOS.dir/src/context/MacScrollViewContext.mm.o
[22/64] Building OBJCXX object apple/macos/CMakeFiles/LokaHelloWorldStandaloneLoopMacOS.dir/__/common/cocoa/src/AppleString.mm.o
[23/64] Building OBJCXX object apple/macos/CMakeFiles/LokaHelloWorldStandaloneLoopMacOS.dir/src/context/MacTextContext.mm.o
[24/64] Building OBJCXX object apple/macos/CMakeFiles/LokaHelloWorldStandaloneLoopMacOS.dir/src/context/MacImageViewContext.mm.o
[25/64] Building OBJCXX object apple/macos/CMakeFiles/LokaHelloWorldStandaloneLoopMacOS.dir/src/context/MacPopupMenuContext.mm.o
/Users/lihi-ai/loka-ub1/apple/macos/src/context/MacPopupMenuContext.mm:47: warning: Mac OS X version 10.5 or later is needed for use of property
[26/64] Building CXX object apple/macos/CMakeFiles/LokaHelloWorldStandaloneLoopMacOS.dir/__/__/common/app/MenuComposition.cpp.o
[27/64] Building CXX object apple/macos/CMakeFiles/LokaHelloWorldStandaloneLoopMacOS.dir/__/__/common/app/core/AppComposition.cpp.o
[28/64] Building CXX object apple/macos/CMakeFiles/LokaHelloWorldStandaloneLoopMacOS.dir/__/__/common/app/core/MenuController.cpp.o
[29/64] Building CXX object apple/macos/CMakeFiles/LokaHelloWorldStandaloneLoopMacOS.dir/__/__/common/app/core/App.cpp.o
[30/64] Building CXX object apple/macos/CMakeFiles/LokaHelloWorldStandaloneLoopMacOS.dir/__/__/common/app/core/DialogResultTransport.cpp.o
[31/64] Building CXX object apple/macos/CMakeFiles/LokaHelloWorldStandaloneLoopMacOS.dir/__/__/common/app/layout/LayoutHeuristics.cpp.o
[32/64] Building CXX object apple/macos/CMakeFiles/LokaHelloWorldStandaloneLoopMacOS.dir/__/__/common/app/scene/Node.cpp.o
[33/64] Building CXX object apple/macos/CMakeFiles/LokaHelloWorldStandaloneLoopMacOS.dir/__/__/common/app/scene/boundary/detail/NodeBuildTicket.cpp.o
[34/64] Building CXX object apple/macos/CMakeFiles/LokaHelloWorldStandaloneLoopMacOS.dir/__/__/common/app/scene/boundary/detail/SeatBuildRequest.cpp.o
[35/64] Building CXX object apple/macos/CMakeFiles/LokaHelloWorldStandaloneLoopMacOS.dir/__/__/common/app/scene/boundary/BoundaryInnerStateOwner.cpp.o
[36/64] Building CXX object apple/macos/CMakeFiles/LokaHelloWorldStandaloneLoopMacOS.dir/__/__/common/app/scene/boundary/detail/SeatReservation.cpp.o
[37/64] Building CXX object apple/macos/CMakeFiles/LokaHelloWorldStandaloneLoopMacOS.dir/__/__/common/app/scene/node/Conditional.cpp.o
[38/64] Building CXX object apple/macos/CMakeFiles/LokaHelloWorldStandaloneLoopMacOS.dir/__/__/common/app/scene/projection/PlatformController.cpp.o
[39/64] Building CXX object apple/macos/CMakeFiles/LokaHelloWorldStandaloneLoopMacOS.dir/__/__/common/core/LokaAlloc.cpp.o
[40/64] Building CXX object apple/macos/CMakeFiles/LokaHelloWorldStandaloneLoopMacOS.dir/__/__/common/core/Profiler.cpp.o
[41/64] Building CXX object apple/macos/CMakeFiles/LokaHelloWorldStandaloneLoopMacOS.dir/__/__/common/core/StateTracker.cpp.o
[42/64] Building OBJCXX object apple/macos/CMakeFiles/LokaHelloWorldStandaloneLoopMacOS.dir/src/MacWindow.mm.o
/Users/lihi-ai/loka-ub1/apple/macos/src/MacWindow.mm:56: warning: Mac OS X version 10.5 or later is needed for use of property
[43/64] Building CXX object apple/macos/CMakeFiles/LokaHelloWorldStandaloneLoopMacOS.dir/__/__/common/app/scene/composition/NodeComposition.cpp.o
[44/64] Building CXX object apple/macos/CMakeFiles/LokaHelloWorldStandaloneLoopMacOS.dir/__/__/common/core/StringBuffer.cpp.o
[45/64] Building CXX object apple/macos/CMakeFiles/LokaHelloWorldStandaloneLoopMacOS.dir/__/__/common/core/String.cpp.o
[46/64] Building CXX object apple/macos/CMakeFiles/LokaHelloWorldStandaloneLoopMacOS.dir/__/__/common/core/diag/LifecycleAudit.cpp.o
[47/64] Building CXX object apple/macos/CMakeFiles/LokaHelloWorldStandaloneLoopMacOS.dir/__/__/common/core/resource/lrpk/LrpkStdioByteSource.cpp.o
[48/64] Building CXX object apple/macos/CMakeFiles/LokaHelloWorldStandaloneLoopMacOS.dir/__/__/common/platform/GenericString.cpp.o
[49/64] Building CXX object apple/macos/CMakeFiles/LokaHelloWorldStandaloneLoopMacOS.dir/__/__/common/platform/StringUTF8.cpp.o
[50/64] Building CXX object apple/macos/CMakeFiles/LokaHelloWorldStandaloneLoopMacOS.dir/__/__/common/platform/debug/GenericDebugLog.cpp.o
[51/64] Building CXX object apple/macos/CMakeFiles/LokaHelloWorldStandaloneLoopMacOS.dir/__/__/common/platform/file/GenericAppLocation.cpp.o
[52/64] Building CXX object apple/macos/CMakeFiles/LokaHelloWorldStandaloneLoopMacOS.dir/__/__/common/core/resource/lrpk/LrpkReader.cpp.o
[53/64] Building CXX object apple/macos/CMakeFiles/LokaHelloWorldStandaloneLoopMacOS.dir/__/__/common/platform/file/GenericFileIO.cpp.o
[54/64] Building CXX object apple/macos/CMakeFiles/LokaHelloWorldStandaloneLoopMacOS.dir/__/__/common/core/Value.cpp.o
[55/64] Building CXX object apple/macos/CMakeFiles/LokaHelloWorldStandaloneLoopMacOS.dir/__/__/common/app/core/SceneManager.cpp.o
[56/64] Building CXX object apple/macos/CMakeFiles/LokaHelloWorldStandaloneLoopMacOS.dir/__/__/common/testing/scene/ScenarioAudit.cpp.o
[57/64] Building CXX object apple/macos/CMakeFiles/LokaHelloWorldStandaloneLoopMacOS.dir/__/__/common/app/core/Window.cpp.o
[58/64] Building CXX object apple/macos/CMakeFiles/LokaHelloWorldStandaloneLoopMacOS.dir/__/__/common/testing/snap/SnapFormat.cpp.o
[59/64] Building CXX object apple/macos/CMakeFiles/LokaHelloWorldStandaloneLoopMacOS.dir/__/__/common/app/scene/boundary/Boundary.cpp.o
[60/64] Building CXX object apple/macos/CMakeFiles/LokaHelloWorldStandaloneLoopMacOS.dir/__/__/tests/standalone/HelloWorldStandaloneFlowAppConfig.cpp.o
[61/64] Building CXX object apple/macos/CMakeFiles/LokaHelloWorldStandaloneLoopMacOS.dir/__/__/tests/scenarios/HelloWorldScenarios.cpp.o
[62/64] Building CXX object apple/macos/CMakeFiles/LokaHelloWorldStandaloneLoopMacOS.dir/__/__/example/HelloWorld/src/MainNode.cpp.o
[63/64] Linking CXX executable apple/macos/LokaHelloWorldStandaloneLoopMacOS.app/Contents/MacOS/LokaHelloWorldStandaloneLoopMacOS
ld: warning: object file compiled with -mlong-branch which is no longer needed. To remove this warning, recompile without -mlong-branch: /Developer/SDKs/MacOSX10.4u.sdk/usr/lib/crt1.o
ld: warning: object file compiled with -mlong-branch which is no longer needed. To remove this warning, recompile without -mlong-branch: /Developer/usr/bin/../lib/gcc/powerpc-apple-darwin10/4.0.1/crt3.o
-- Configuring done (0.7s)
-- Generating done (2.0s)
-- Build files have been written to: /Users/lihi-ai/loka-ub1/build/macos-10.4-ub1/Release-ppc
[0/2] Re-checking globbed directories...
[1/63] Building OBJCXX object apple/macos/CMakeFiles/LokaTutorialStandaloneLoopMacOS.dir/src/MacBootstrap.mm.o
[2/63] Building CXX object apple/macos/CMakeFiles/LokaTutorialStandaloneLoopMacOS.dir/__/__/tests/scenarios/ScenarioTypes.cpp.o
[3/63] Building OBJCXX object apple/macos/CMakeFiles/LokaTutorialStandaloneLoopMacOS.dir/src/MacMenuProjection.mm.o
[4/63] Building CXX object apple/macos/CMakeFiles/LokaTutorialStandaloneLoopMacOS.dir/__/__/tests/TestingHooks.cpp.o
[5/63] Building CXX object apple/macos/CMakeFiles/LokaTutorialStandaloneLoopMacOS.dir/__/__/tests/scenarios/ScenarioReel.cpp.o
[6/63] Building CXX object apple/macos/CMakeFiles/LokaTutorialStandaloneLoopMacOS.dir/__/__/tests/standalone/StandaloneScenarioSupport.cpp.o
[7/63] Building CXX object apple/macos/CMakeFiles/LokaTutorialStandaloneLoopMacOS.dir/src/MacProfiler.cpp.o
[8/63] Building OBJCXX object apple/macos/CMakeFiles/LokaTutorialStandaloneLoopMacOS.dir/src/MacBuiltInSupport.mm.o
[9/63] Building OBJCXX object apple/macos/CMakeFiles/LokaTutorialStandaloneLoopMacOS.dir/__/__/tests/macos/StandaloneFlowMain.mm.o
[10/63] Building OBJCXX object apple/macos/CMakeFiles/LokaTutorialStandaloneLoopMacOS.dir/src/MacApp.mm.o
/Users/lihi-ai/loka-ub1/apple/macos/src/MacApp.mm:15: warning: Mac OS X version 10.5 or later is needed for use of property
/Users/lihi-ai/loka-ub1/apple/macos/src/MacApp.mm:34: warning: Mac OS X version 10.5 or later is needed for use of property
/Users/lihi-ai/loka-ub1/apple/macos/src/MacApp.mm: In member function 'virtual void MacApp::run()':
/Users/lihi-ai/loka-ub1/apple/macos/src/MacApp.mm:117: warning: no '-setActivationPolicy:' method found
/Users/lihi-ai/loka-ub1/apple/macos/src/MacApp.mm:117: warning: (Messages without a matching method signature
/Users/lihi-ai/loka-ub1/apple/macos/src/MacApp.mm:117: warning: will be assumed to return 'id' and accept
/Users/lihi-ai/loka-ub1/apple/macos/src/MacApp.mm:117: warning: '...' as arguments.)
[11/63] Building OBJCXX object apple/macos/CMakeFiles/LokaTutorialStandaloneLoopMacOS.dir/src/MacDisplayAppearance.mm.o
[12/63] Building OBJCXX object apple/macos/CMakeFiles/LokaTutorialStandaloneLoopMacOS.dir/src/platform/MacAppLocation.mm.o
[13/63] Building OBJCXX object apple/macos/CMakeFiles/LokaTutorialStandaloneLoopMacOS.dir/src/context/MacRetirableContext.mm.o
[14/63] Building OBJCXX object apple/macos/CMakeFiles/LokaTutorialStandaloneLoopMacOS.dir/src/MacPlatformContext.mm.o
[15/63] Building OBJCXX object apple/macos/CMakeFiles/LokaTutorialStandaloneLoopMacOS.dir/src/context/MacButtonContext.mm.o
/Users/lihi-ai/loka-ub1/apple/macos/src/context/MacButtonContext.mm:86: warning: Mac OS X version 10.5 or later is needed for use of property
[16/63] Building OBJCXX object apple/macos/CMakeFiles/LokaTutorialStandaloneLoopMacOS.dir/src/context/MacCellContext.mm.o
/Users/lihi-ai/loka-ub1/apple/macos/src/context/MacCellContext.mm: In constructor 'MacCellContext::MacCellContext(MacScenePlatformController*, void*, int, int, int, int, loka::app::CellNode*)':
/Users/lihi-ai/loka-ub1/apple/macos/src/context/MacCellContext.mm:155: warning: 'LokaCellView' may not respond to '-setWantsLayer:'
/Users/lihi-ai/loka-ub1/apple/macos/src/context/MacCellContext.mm:155: warning: (Messages without a matching method signature
/Users/lihi-ai/loka-ub1/apple/macos/src/context/MacCellContext.mm:155: warning: will be assumed to return 'id' and accept
/Users/lihi-ai/loka-ub1/apple/macos/src/context/MacCellContext.mm:155: warning: '...' as arguments.)
[17/63] Building OBJCXX object apple/macos/CMakeFiles/LokaTutorialStandaloneLoopMacOS.dir/src/MacScenePlatformController.mm.o
[18/63] Building OBJCXX object apple/macos/CMakeFiles/LokaTutorialStandaloneLoopMacOS.dir/src/context/MacEditTextContext.mm.o
/Users/lihi-ai/loka-ub1/apple/macos/src/context/MacEditTextContext.mm:49: warning: Mac OS X version 10.5 or later is needed for use of property
[19/63] Building OBJCXX object apple/macos/CMakeFiles/LokaTutorialStandaloneLoopMacOS.dir/src/context/MacOpenFileDialogContext.mm.o
/Users/lihi-ai/loka-ub1/apple/macos/src/context/MacOpenFileDialogContext.mm:22: warning: Mac OS X version 10.5 or later is needed for use of property
[20/63] Building OBJCXX object apple/macos/CMakeFiles/LokaTutorialStandaloneLoopMacOS.dir/src/context/MacTextContext.mm.o
[21/63] Building OBJCXX object apple/macos/CMakeFiles/LokaTutorialStandaloneLoopMacOS.dir/__/common/cocoa/src/AppleString.mm.o
[22/63] Building CXX object apple/macos/CMakeFiles/LokaTutorialStandaloneLoopMacOS.dir/__/__/common/app/MenuComposition.cpp.o
[23/63] Building OBJCXX object apple/macos/CMakeFiles/LokaTutorialStandaloneLoopMacOS.dir/src/context/MacImageViewContext.mm.o
[24/63] Building OBJCXX object apple/macos/CMakeFiles/LokaTutorialStandaloneLoopMacOS.dir/src/context/MacScrollViewContext.mm.o
[25/63] Building OBJCXX object apple/macos/CMakeFiles/LokaTutorialStandaloneLoopMacOS.dir/src/context/MacPopupMenuContext.mm.o
/Users/lihi-ai/loka-ub1/apple/macos/src/context/MacPopupMenuContext.mm:47: warning: Mac OS X version 10.5 or later is needed for use of property
[26/63] Building OBJCXX object apple/macos/CMakeFiles/LokaTutorialStandaloneLoopMacOS.dir/src/context/MacRectSurfaceContext.mm.o
[27/63] Building CXX object apple/macos/CMakeFiles/LokaTutorialStandaloneLoopMacOS.dir/__/__/common/app/core/App.cpp.o
[28/63] Building CXX object apple/macos/CMakeFiles/LokaTutorialStandaloneLoopMacOS.dir/__/__/common/app/core/AppComposition.cpp.o
[29/63] Building CXX object apple/macos/CMakeFiles/LokaTutorialStandaloneLoopMacOS.dir/__/__/common/app/core/MenuController.cpp.o
[30/63] Building CXX object apple/macos/CMakeFiles/LokaTutorialStandaloneLoopMacOS.dir/__/__/common/app/layout/LayoutHeuristics.cpp.o
[31/63] Building CXX object apple/macos/CMakeFiles/LokaTutorialStandaloneLoopMacOS.dir/__/__/common/app/core/DialogResultTransport.cpp.o
[32/63] Building CXX object apple/macos/CMakeFiles/LokaTutorialStandaloneLoopMacOS.dir/__/__/common/app/scene/Node.cpp.o
[33/63] Building CXX object apple/macos/CMakeFiles/LokaTutorialStandaloneLoopMacOS.dir/__/__/common/app/scene/boundary/detail/NodeBuildTicket.cpp.o
[34/63] Building CXX object apple/macos/CMakeFiles/LokaTutorialStandaloneLoopMacOS.dir/__/__/common/app/scene/boundary/detail/SeatBuildRequest.cpp.o
[35/63] Building CXX object apple/macos/CMakeFiles/LokaTutorialStandaloneLoopMacOS.dir/__/__/common/app/scene/boundary/BoundaryInnerStateOwner.cpp.o
[36/63] Building CXX object apple/macos/CMakeFiles/LokaTutorialStandaloneLoopMacOS.dir/__/__/common/app/scene/boundary/detail/SeatReservation.cpp.o
[37/63] Building CXX object apple/macos/CMakeFiles/LokaTutorialStandaloneLoopMacOS.dir/__/__/common/app/scene/node/Conditional.cpp.o
[38/63] Building CXX object apple/macos/CMakeFiles/LokaTutorialStandaloneLoopMacOS.dir/__/__/common/app/scene/projection/PlatformController.cpp.o
[39/63] Building CXX object apple/macos/CMakeFiles/LokaTutorialStandaloneLoopMacOS.dir/__/__/common/core/LokaAlloc.cpp.o
[40/63] Building CXX object apple/macos/CMakeFiles/LokaTutorialStandaloneLoopMacOS.dir/__/__/common/core/Profiler.cpp.o
[41/63] Building CXX object apple/macos/CMakeFiles/LokaTutorialStandaloneLoopMacOS.dir/__/__/common/core/StateTracker.cpp.o
[42/63] Building OBJCXX object apple/macos/CMakeFiles/LokaTutorialStandaloneLoopMacOS.dir/src/MacWindow.mm.o
/Users/lihi-ai/loka-ub1/apple/macos/src/MacWindow.mm:56: warning: Mac OS X version 10.5 or later is needed for use of property
[43/63] Building CXX object apple/macos/CMakeFiles/LokaTutorialStandaloneLoopMacOS.dir/__/__/common/core/StringBuffer.cpp.o
[44/63] Building CXX object apple/macos/CMakeFiles/LokaTutorialStandaloneLoopMacOS.dir/__/__/common/core/String.cpp.o
[45/63] Building CXX object apple/macos/CMakeFiles/LokaTutorialStandaloneLoopMacOS.dir/__/__/common/core/diag/LifecycleAudit.cpp.o
[46/63] Building CXX object apple/macos/CMakeFiles/LokaTutorialStandaloneLoopMacOS.dir/__/__/common/app/scene/composition/NodeComposition.cpp.o
[47/63] Building CXX object apple/macos/CMakeFiles/LokaTutorialStandaloneLoopMacOS.dir/__/__/common/core/resource/lrpk/LrpkReader.cpp.o
[48/63] Building CXX object apple/macos/CMakeFiles/LokaTutorialStandaloneLoopMacOS.dir/__/__/common/core/Value.cpp.o
[49/63] Building CXX object apple/macos/CMakeFiles/LokaTutorialStandaloneLoopMacOS.dir/__/__/common/platform/GenericString.cpp.o
[50/63] Building CXX object apple/macos/CMakeFiles/LokaTutorialStandaloneLoopMacOS.dir/__/__/common/platform/debug/GenericDebugLog.cpp.o
[51/63] Building CXX object apple/macos/CMakeFiles/LokaTutorialStandaloneLoopMacOS.dir/__/__/common/core/resource/lrpk/LrpkStdioByteSource.cpp.o
[52/63] Building CXX object apple/macos/CMakeFiles/LokaTutorialStandaloneLoopMacOS.dir/__/__/common/platform/StringUTF8.cpp.o
[53/63] Building CXX object apple/macos/CMakeFiles/LokaTutorialStandaloneLoopMacOS.dir/__/__/common/platform/file/GenericAppLocation.cpp.o
[54/63] Building CXX object apple/macos/CMakeFiles/LokaTutorialStandaloneLoopMacOS.dir/__/__/common/platform/file/GenericFileIO.cpp.o
[55/63] Building CXX object apple/macos/CMakeFiles/LokaTutorialStandaloneLoopMacOS.dir/__/__/common/testing/scene/ScenarioAudit.cpp.o
[56/63] Building CXX object apple/macos/CMakeFiles/LokaTutorialStandaloneLoopMacOS.dir/__/__/common/testing/snap/SnapFormat.cpp.o
[57/63] Building CXX object apple/macos/CMakeFiles/LokaTutorialStandaloneLoopMacOS.dir/__/__/common/app/core/SceneManager.cpp.o
[58/63] Building CXX object apple/macos/CMakeFiles/LokaTutorialStandaloneLoopMacOS.dir/__/__/common/app/core/Window.cpp.o
[59/63] Building CXX object apple/macos/CMakeFiles/LokaTutorialStandaloneLoopMacOS.dir/__/__/common/app/scene/boundary/Boundary.cpp.o
[60/63] Building CXX object apple/macos/CMakeFiles/LokaTutorialStandaloneLoopMacOS.dir/__/__/tests/scenarios/TutorialScenarios.cpp.o
[61/63] Building CXX object apple/macos/CMakeFiles/LokaTutorialStandaloneLoopMacOS.dir/__/__/tests/standalone/TutorialStandaloneFlowAppConfig.cpp.o
[62/63] Linking CXX executable apple/macos/LokaTutorialStandaloneLoopMacOS.app/Contents/MacOS/LokaTutorialStandaloneLoopMacOS
ld: warning: object file compiled with -mlong-branch which is no longer needed. To remove this warning, recompile without -mlong-branch: /Developer/SDKs/MacOSX10.4u.sdk/usr/lib/crt1.o
ld: warning: object file compiled with -mlong-branch which is no longer needed. To remove this warning, recompile without -mlong-branch: /Developer/usr/bin/../lib/gcc/powerpc-apple-darwin10/4.0.1/crt3.o
-- Configuring done (0.6s)
-- Generating done (8.6s)
-- Build files have been written to: /Users/lihi-ai/loka-ub1/build/macos-10.4-ub1/Release-ppc
[0/2] Re-checking globbed directories...
[1/63] Building OBJCXX object apple/macos/CMakeFiles/LokaMineSweeperStandaloneLoopMacOS.dir/src/MacBootstrap.mm.o
[2/63] Building CXX object apple/macos/CMakeFiles/LokaMineSweeperStandaloneLoopMacOS.dir/__/__/tests/scenarios/ScenarioTypes.cpp.o
[3/63] Building OBJCXX object apple/macos/CMakeFiles/LokaMineSweeperStandaloneLoopMacOS.dir/src/MacMenuProjection.mm.o
[4/63] Building CXX object apple/macos/CMakeFiles/LokaMineSweeperStandaloneLoopMacOS.dir/__/__/tests/TestingHooks.cpp.o
[5/63] Building CXX object apple/macos/CMakeFiles/LokaMineSweeperStandaloneLoopMacOS.dir/__/__/tests/scenarios/ScenarioReel.cpp.o
[6/63] Building CXX object apple/macos/CMakeFiles/LokaMineSweeperStandaloneLoopMacOS.dir/__/__/tests/standalone/StandaloneScenarioSupport.cpp.o
[7/63] Building CXX object apple/macos/CMakeFiles/LokaMineSweeperStandaloneLoopMacOS.dir/src/MacProfiler.cpp.o
[8/63] Building OBJCXX object apple/macos/CMakeFiles/LokaMineSweeperStandaloneLoopMacOS.dir/src/MacBuiltInSupport.mm.o
[9/63] Building OBJCXX object apple/macos/CMakeFiles/LokaMineSweeperStandaloneLoopMacOS.dir/__/__/tests/macos/StandaloneFlowMain.mm.o
[10/63] Building OBJCXX object apple/macos/CMakeFiles/LokaMineSweeperStandaloneLoopMacOS.dir/src/MacApp.mm.o
/Users/lihi-ai/loka-ub1/apple/macos/src/MacApp.mm:15: warning: Mac OS X version 10.5 or later is needed for use of property
/Users/lihi-ai/loka-ub1/apple/macos/src/MacApp.mm:34: warning: Mac OS X version 10.5 or later is needed for use of property
/Users/lihi-ai/loka-ub1/apple/macos/src/MacApp.mm: In member function 'virtual void MacApp::run()':
/Users/lihi-ai/loka-ub1/apple/macos/src/MacApp.mm:117: warning: no '-setActivationPolicy:' method found
/Users/lihi-ai/loka-ub1/apple/macos/src/MacApp.mm:117: warning: (Messages without a matching method signature
/Users/lihi-ai/loka-ub1/apple/macos/src/MacApp.mm:117: warning: will be assumed to return 'id' and accept
/Users/lihi-ai/loka-ub1/apple/macos/src/MacApp.mm:117: warning: '...' as arguments.)
[11/63] Building OBJCXX object apple/macos/CMakeFiles/LokaMineSweeperStandaloneLoopMacOS.dir/src/MacDisplayAppearance.mm.o
[12/63] Building OBJCXX object apple/macos/CMakeFiles/LokaMineSweeperStandaloneLoopMacOS.dir/src/context/MacRetirableContext.mm.o
[13/63] Building OBJCXX object apple/macos/CMakeFiles/LokaMineSweeperStandaloneLoopMacOS.dir/src/platform/MacAppLocation.mm.o
[14/63] Building OBJCXX object apple/macos/CMakeFiles/LokaMineSweeperStandaloneLoopMacOS.dir/src/MacPlatformContext.mm.o
[15/63] Building OBJCXX object apple/macos/CMakeFiles/LokaMineSweeperStandaloneLoopMacOS.dir/src/context/MacButtonContext.mm.o
/Users/lihi-ai/loka-ub1/apple/macos/src/context/MacButtonContext.mm:86: warning: Mac OS X version 10.5 or later is needed for use of property
[16/63] Building OBJCXX object apple/macos/CMakeFiles/LokaMineSweeperStandaloneLoopMacOS.dir/src/context/MacCellContext.mm.o
/Users/lihi-ai/loka-ub1/apple/macos/src/context/MacCellContext.mm: In constructor 'MacCellContext::MacCellContext(MacScenePlatformController*, void*, int, int, int, int, loka::app::CellNode*)':
/Users/lihi-ai/loka-ub1/apple/macos/src/context/MacCellContext.mm:155: warning: 'LokaCellView' may not respond to '-setWantsLayer:'
/Users/lihi-ai/loka-ub1/apple/macos/src/context/MacCellContext.mm:155: warning: (Messages without a matching method signature
/Users/lihi-ai/loka-ub1/apple/macos/src/context/MacCellContext.mm:155: warning: will be assumed to return 'id' and accept
/Users/lihi-ai/loka-ub1/apple/macos/src/context/MacCellContext.mm:155: warning: '...' as arguments.)
[17/63] Building OBJCXX object apple/macos/CMakeFiles/LokaMineSweeperStandaloneLoopMacOS.dir/src/MacScenePlatformController.mm.o
[18/63] Building OBJCXX object apple/macos/CMakeFiles/LokaMineSweeperStandaloneLoopMacOS.dir/src/context/MacEditTextContext.mm.o
/Users/lihi-ai/loka-ub1/apple/macos/src/context/MacEditTextContext.mm:49: warning: Mac OS X version 10.5 or later is needed for use of property
[19/63] Building OBJCXX object apple/macos/CMakeFiles/LokaMineSweeperStandaloneLoopMacOS.dir/src/context/MacOpenFileDialogContext.mm.o
/Users/lihi-ai/loka-ub1/apple/macos/src/context/MacOpenFileDialogContext.mm:22: warning: Mac OS X version 10.5 or later is needed for use of property
[20/63] Building OBJCXX object apple/macos/CMakeFiles/LokaMineSweeperStandaloneLoopMacOS.dir/src/context/MacTextContext.mm.o
[21/63] Building OBJCXX object apple/macos/CMakeFiles/LokaMineSweeperStandaloneLoopMacOS.dir/__/common/cocoa/src/AppleString.mm.o
[22/63] Building OBJCXX object apple/macos/CMakeFiles/LokaMineSweeperStandaloneLoopMacOS.dir/src/context/MacRectSurfaceContext.mm.o
[23/63] Building OBJCXX object apple/macos/CMakeFiles/LokaMineSweeperStandaloneLoopMacOS.dir/src/context/MacImageViewContext.mm.o
[24/63] Building CXX object apple/macos/CMakeFiles/LokaMineSweeperStandaloneLoopMacOS.dir/__/__/common/app/MenuComposition.cpp.o
[25/63] Building OBJCXX object apple/macos/CMakeFiles/LokaMineSweeperStandaloneLoopMacOS.dir/src/context/MacScrollViewContext.mm.o
[26/63] Building OBJCXX object apple/macos/CMakeFiles/LokaMineSweeperStandaloneLoopMacOS.dir/src/context/MacPopupMenuContext.mm.o
/Users/lihi-ai/loka-ub1/apple/macos/src/context/MacPopupMenuContext.mm:47: warning: Mac OS X version 10.5 or later is needed for use of property
[27/63] Building CXX object apple/macos/CMakeFiles/LokaMineSweeperStandaloneLoopMacOS.dir/__/__/common/app/core/AppComposition.cpp.o
[28/63] Building CXX object apple/macos/CMakeFiles/LokaMineSweeperStandaloneLoopMacOS.dir/__/__/common/app/core/MenuController.cpp.o
[29/63] Building CXX object apple/macos/CMakeFiles/LokaMineSweeperStandaloneLoopMacOS.dir/__/__/common/app/core/App.cpp.o
[30/63] Building CXX object apple/macos/CMakeFiles/LokaMineSweeperStandaloneLoopMacOS.dir/__/__/common/app/scene/Node.cpp.o
[31/63] Building CXX object apple/macos/CMakeFiles/LokaMineSweeperStandaloneLoopMacOS.dir/__/__/common/app/layout/LayoutHeuristics.cpp.o
[32/63] Building CXX object apple/macos/CMakeFiles/LokaMineSweeperStandaloneLoopMacOS.dir/__/__/common/app/core/DialogResultTransport.cpp.o
[33/63] Building CXX object apple/macos/CMakeFiles/LokaMineSweeperStandaloneLoopMacOS.dir/__/__/common/app/scene/boundary/detail/NodeBuildTicket.cpp.o
[34/63] Building CXX object apple/macos/CMakeFiles/LokaMineSweeperStandaloneLoopMacOS.dir/__/__/common/app/scene/boundary/BoundaryInnerStateOwner.cpp.o
[35/63] Building CXX object apple/macos/CMakeFiles/LokaMineSweeperStandaloneLoopMacOS.dir/__/__/common/app/scene/boundary/detail/SeatBuildRequest.cpp.o
[36/63] Building CXX object apple/macos/CMakeFiles/LokaMineSweeperStandaloneLoopMacOS.dir/__/__/common/app/scene/boundary/detail/SeatReservation.cpp.o
[37/63] Building OBJCXX object apple/macos/CMakeFiles/LokaMineSweeperStandaloneLoopMacOS.dir/src/MacWindow.mm.o
/Users/lihi-ai/loka-ub1/apple/macos/src/MacWindow.mm:56: warning: Mac OS X version 10.5 or later is needed for use of property
[38/63] Building CXX object apple/macos/CMakeFiles/LokaMineSweeperStandaloneLoopMacOS.dir/__/__/common/app/scene/projection/PlatformController.cpp.o
[39/63] Building CXX object apple/macos/CMakeFiles/LokaMineSweeperStandaloneLoopMacOS.dir/__/__/common/core/LokaAlloc.cpp.o
[40/63] Building CXX object apple/macos/CMakeFiles/LokaMineSweeperStandaloneLoopMacOS.dir/__/__/common/core/Profiler.cpp.o
[41/63] Building CXX object apple/macos/CMakeFiles/LokaMineSweeperStandaloneLoopMacOS.dir/__/__/common/app/scene/node/Conditional.cpp.o
[42/63] Building CXX object apple/macos/CMakeFiles/LokaMineSweeperStandaloneLoopMacOS.dir/__/__/common/core/String.cpp.o
[43/63] Building CXX object apple/macos/CMakeFiles/LokaMineSweeperStandaloneLoopMacOS.dir/__/__/common/core/StateTracker.cpp.o
[44/63] Building CXX object apple/macos/CMakeFiles/LokaMineSweeperStandaloneLoopMacOS.dir/__/__/common/core/StringBuffer.cpp.o
[45/63] Building CXX object apple/macos/CMakeFiles/LokaMineSweeperStandaloneLoopMacOS.dir/__/__/common/core/diag/LifecycleAudit.cpp.o
[46/63] Building CXX object apple/macos/CMakeFiles/LokaMineSweeperStandaloneLoopMacOS.dir/__/__/common/app/scene/composition/NodeComposition.cpp.o
[47/63] Building CXX object apple/macos/CMakeFiles/LokaMineSweeperStandaloneLoopMacOS.dir/__/__/common/core/resource/lrpk/LrpkStdioByteSource.cpp.o
[48/63] Building CXX object apple/macos/CMakeFiles/LokaMineSweeperStandaloneLoopMacOS.dir/__/__/common/platform/GenericString.cpp.o
[49/63] Building CXX object apple/macos/CMakeFiles/LokaMineSweeperStandaloneLoopMacOS.dir/__/__/common/platform/StringUTF8.cpp.o
[50/63] Building CXX object apple/macos/CMakeFiles/LokaMineSweeperStandaloneLoopMacOS.dir/__/__/common/platform/debug/GenericDebugLog.cpp.o
[51/63] Building CXX object apple/macos/CMakeFiles/LokaMineSweeperStandaloneLoopMacOS.dir/__/__/common/platform/file/GenericAppLocation.cpp.o
[52/63] Building CXX object apple/macos/CMakeFiles/LokaMineSweeperStandaloneLoopMacOS.dir/__/__/common/core/Value.cpp.o
[53/63] Building CXX object apple/macos/CMakeFiles/LokaMineSweeperStandaloneLoopMacOS.dir/__/__/common/platform/file/GenericFileIO.cpp.o
[54/63] Building CXX object apple/macos/CMakeFiles/LokaMineSweeperStandaloneLoopMacOS.dir/__/__/common/testing/scene/ScenarioAudit.cpp.o
[55/63] Building CXX object apple/macos/CMakeFiles/LokaMineSweeperStandaloneLoopMacOS.dir/__/__/common/core/resource/lrpk/LrpkReader.cpp.o
[56/63] Building CXX object apple/macos/CMakeFiles/LokaMineSweeperStandaloneLoopMacOS.dir/__/__/common/app/core/SceneManager.cpp.o
[57/63] Building CXX object apple/macos/CMakeFiles/LokaMineSweeperStandaloneLoopMacOS.dir/__/__/common/testing/snap/SnapFormat.cpp.o
[58/63] Building CXX object apple/macos/CMakeFiles/LokaMineSweeperStandaloneLoopMacOS.dir/__/__/common/app/core/Window.cpp.o
[59/63] Building CXX object apple/macos/CMakeFiles/LokaMineSweeperStandaloneLoopMacOS.dir/__/__/common/app/scene/boundary/Boundary.cpp.o
[60/63] Building CXX object apple/macos/CMakeFiles/LokaMineSweeperStandaloneLoopMacOS.dir/__/__/tests/standalone/MineSweeperStandaloneFlowAppConfig.cpp.o
[61/63] Building CXX object apple/macos/CMakeFiles/LokaMineSweeperStandaloneLoopMacOS.dir/__/__/tests/scenarios/MineSweeperScenarios.cpp.o
[62/63] Linking CXX executable apple/macos/LokaMineSweeperStandaloneLoopMacOS.app/Contents/MacOS/LokaMineSweeperStandaloneLoopMacOS
ld: warning: object file compiled with -mlong-branch which is no longer needed. To remove this warning, recompile without -mlong-branch: /Developer/SDKs/MacOSX10.4u.sdk/usr/lib/crt1.o
ld: warning: object file compiled with -mlong-branch which is no longer needed. To remove this warning, recompile without -mlong-branch: /Developer/usr/bin/../lib/gcc/powerpc-apple-darwin10/4.0.1/crt3.o
-- Configuring done (0.9s)
-- Generating done (0.9s)
-- Build files have been written to: /Users/lihi-ai/loka-ub1/build/macos-10.4-ub1/Release-ppc
[0/2] Re-checking globbed directories...
[1/64] Building OBJCXX object apple/macos/CMakeFiles/LokaFloppyBirdStandaloneLoopMacOS.dir/src/MacBootstrap.mm.o
[2/64] Building CXX object apple/macos/CMakeFiles/LokaFloppyBirdStandaloneLoopMacOS.dir/__/__/tests/scenarios/ScenarioTypes.cpp.o
[3/64] Building OBJCXX object apple/macos/CMakeFiles/LokaFloppyBirdStandaloneLoopMacOS.dir/src/MacMenuProjection.mm.o
[4/64] Building CXX object apple/macos/CMakeFiles/LokaFloppyBirdStandaloneLoopMacOS.dir/__/__/tests/TestingHooks.cpp.o
[5/64] Building CXX object apple/macos/CMakeFiles/LokaFloppyBirdStandaloneLoopMacOS.dir/__/__/tests/scenarios/ScenarioReel.cpp.o
[6/64] Building OBJCXX object apple/macos/CMakeFiles/LokaFloppyBirdStandaloneLoopMacOS.dir/src/MacBuiltInSupport.mm.o
[7/64] Building CXX object apple/macos/CMakeFiles/LokaFloppyBirdStandaloneLoopMacOS.dir/__/__/tests/standalone/StandaloneScenarioSupport.cpp.o
[8/64] Building CXX object apple/macos/CMakeFiles/LokaFloppyBirdStandaloneLoopMacOS.dir/src/MacProfiler.cpp.o
[9/64] Building OBJCXX object apple/macos/CMakeFiles/LokaFloppyBirdStandaloneLoopMacOS.dir/__/__/tests/macos/StandaloneFlowMain.mm.o
[10/64] Building OBJCXX object apple/macos/CMakeFiles/LokaFloppyBirdStandaloneLoopMacOS.dir/src/MacDisplayAppearance.mm.o
[11/64] Building OBJCXX object apple/macos/CMakeFiles/LokaFloppyBirdStandaloneLoopMacOS.dir/src/MacApp.mm.o
/Users/lihi-ai/loka-ub1/apple/macos/src/MacApp.mm:15: warning: Mac OS X version 10.5 or later is needed for use of property
/Users/lihi-ai/loka-ub1/apple/macos/src/MacApp.mm:34: warning: Mac OS X version 10.5 or later is needed for use of property
/Users/lihi-ai/loka-ub1/apple/macos/src/MacApp.mm: In member function 'virtual void MacApp::run()':
/Users/lihi-ai/loka-ub1/apple/macos/src/MacApp.mm:117: warning: no '-setActivationPolicy:' method found
/Users/lihi-ai/loka-ub1/apple/macos/src/MacApp.mm:117: warning: (Messages without a matching method signature
/Users/lihi-ai/loka-ub1/apple/macos/src/MacApp.mm:117: warning: will be assumed to return 'id' and accept
/Users/lihi-ai/loka-ub1/apple/macos/src/MacApp.mm:117: warning: '...' as arguments.)
[12/64] Building OBJCXX object apple/macos/CMakeFiles/LokaFloppyBirdStandaloneLoopMacOS.dir/src/platform/MacAppLocation.mm.o
[13/64] Building OBJCXX object apple/macos/CMakeFiles/LokaFloppyBirdStandaloneLoopMacOS.dir/src/context/MacRetirableContext.mm.o
[14/64] Building OBJCXX object apple/macos/CMakeFiles/LokaFloppyBirdStandaloneLoopMacOS.dir/src/MacPlatformContext.mm.o
[15/64] Building OBJCXX object apple/macos/CMakeFiles/LokaFloppyBirdStandaloneLoopMacOS.dir/src/context/MacCellContext.mm.o
/Users/lihi-ai/loka-ub1/apple/macos/src/context/MacCellContext.mm: In constructor 'MacCellContext::MacCellContext(MacScenePlatformController*, void*, int, int, int, int, loka::app::CellNode*)':
/Users/lihi-ai/loka-ub1/apple/macos/src/context/MacCellContext.mm:155: warning: 'LokaCellView' may not respond to '-setWantsLayer:'
/Users/lihi-ai/loka-ub1/apple/macos/src/context/MacCellContext.mm:155: warning: (Messages without a matching method signature
/Users/lihi-ai/loka-ub1/apple/macos/src/context/MacCellContext.mm:155: warning: will be assumed to return 'id' and accept
/Users/lihi-ai/loka-ub1/apple/macos/src/context/MacCellContext.mm:155: warning: '...' as arguments.)
[16/64] Building OBJCXX object apple/macos/CMakeFiles/LokaFloppyBirdStandaloneLoopMacOS.dir/src/context/MacButtonContext.mm.o
/Users/lihi-ai/loka-ub1/apple/macos/src/context/MacButtonContext.mm:86: warning: Mac OS X version 10.5 or later is needed for use of property
[17/64] Building OBJCXX object apple/macos/CMakeFiles/LokaFloppyBirdStandaloneLoopMacOS.dir/src/context/MacEditTextContext.mm.o
/Users/lihi-ai/loka-ub1/apple/macos/src/context/MacEditTextContext.mm:49: warning: Mac OS X version 10.5 or later is needed for use of property
[18/64] Building OBJCXX object apple/macos/CMakeFiles/LokaFloppyBirdStandaloneLoopMacOS.dir/src/context/MacOpenFileDialogContext.mm.o
/Users/lihi-ai/loka-ub1/apple/macos/src/context/MacOpenFileDialogContext.mm:22: warning: Mac OS X version 10.5 or later is needed for use of property
[19/64] Building OBJCXX object apple/macos/CMakeFiles/LokaFloppyBirdStandaloneLoopMacOS.dir/src/MacScenePlatformController.mm.o
[20/64] Building OBJCXX object apple/macos/CMakeFiles/LokaFloppyBirdStandaloneLoopMacOS.dir/src/context/MacTextContext.mm.o
[21/64] Building OBJCXX object apple/macos/CMakeFiles/LokaFloppyBirdStandaloneLoopMacOS.dir/src/context/MacScrollViewContext.mm.o
[22/64] Building OBJCXX object apple/macos/CMakeFiles/LokaFloppyBirdStandaloneLoopMacOS.dir/src/context/MacImageViewContext.mm.o
[23/64] Building OBJCXX object apple/macos/CMakeFiles/LokaFloppyBirdStandaloneLoopMacOS.dir/src/context/MacRectSurfaceContext.mm.o
[24/64] Building OBJCXX object apple/macos/CMakeFiles/LokaFloppyBirdStandaloneLoopMacOS.dir/__/common/cocoa/src/AppleString.mm.o
[25/64] Building OBJCXX object apple/macos/CMakeFiles/LokaFloppyBirdStandaloneLoopMacOS.dir/src/context/MacPopupMenuContext.mm.o
/Users/lihi-ai/loka-ub1/apple/macos/src/context/MacPopupMenuContext.mm:47: warning: Mac OS X version 10.5 or later is needed for use of property
[26/64] Building CXX object apple/macos/CMakeFiles/LokaFloppyBirdStandaloneLoopMacOS.dir/__/__/common/app/MenuComposition.cpp.o
[27/64] Building CXX object apple/macos/CMakeFiles/LokaFloppyBirdStandaloneLoopMacOS.dir/__/__/common/app/core/AppComposition.cpp.o
[28/64] Building CXX object apple/macos/CMakeFiles/LokaFloppyBirdStandaloneLoopMacOS.dir/__/__/common/app/core/App.cpp.o
[29/64] Building CXX object apple/macos/CMakeFiles/LokaFloppyBirdStandaloneLoopMacOS.dir/__/__/common/app/core/MenuController.cpp.o
[30/64] Building CXX object apple/macos/CMakeFiles/LokaFloppyBirdStandaloneLoopMacOS.dir/__/__/common/app/core/DialogResultTransport.cpp.o
[31/64] Building CXX object apple/macos/CMakeFiles/LokaFloppyBirdStandaloneLoopMacOS.dir/__/__/common/app/layout/LayoutHeuristics.cpp.o
[32/64] Building CXX object apple/macos/CMakeFiles/LokaFloppyBirdStandaloneLoopMacOS.dir/__/__/common/app/scene/Node.cpp.o
[33/64] Building CXX object apple/macos/CMakeFiles/LokaFloppyBirdStandaloneLoopMacOS.dir/__/__/common/app/scene/boundary/detail/NodeBuildTicket.cpp.o
[34/64] Building CXX object apple/macos/CMakeFiles/LokaFloppyBirdStandaloneLoopMacOS.dir/__/__/common/app/scene/boundary/detail/SeatBuildRequest.cpp.o
[35/64] Building CXX object apple/macos/CMakeFiles/LokaFloppyBirdStandaloneLoopMacOS.dir/__/__/common/app/scene/boundary/BoundaryInnerStateOwner.cpp.o
[36/64] Building CXX object apple/macos/CMakeFiles/LokaFloppyBirdStandaloneLoopMacOS.dir/__/__/common/app/scene/boundary/detail/SeatReservation.cpp.o
[37/64] Building OBJCXX object apple/macos/CMakeFiles/LokaFloppyBirdStandaloneLoopMacOS.dir/src/MacWindow.mm.o
/Users/lihi-ai/loka-ub1/apple/macos/src/MacWindow.mm:56: warning: Mac OS X version 10.5 or later is needed for use of property
[38/64] Building CXX object apple/macos/CMakeFiles/LokaFloppyBirdStandaloneLoopMacOS.dir/__/__/common/app/scene/node/Conditional.cpp.o
[39/64] Building CXX object apple/macos/CMakeFiles/LokaFloppyBirdStandaloneLoopMacOS.dir/__/__/common/core/LokaAlloc.cpp.o
[40/64] Building CXX object apple/macos/CMakeFiles/LokaFloppyBirdStandaloneLoopMacOS.dir/__/__/common/core/Profiler.cpp.o
[41/64] Building CXX object apple/macos/CMakeFiles/LokaFloppyBirdStandaloneLoopMacOS.dir/__/__/common/app/scene/projection/PlatformController.cpp.o
[42/64] Building CXX object apple/macos/CMakeFiles/LokaFloppyBirdStandaloneLoopMacOS.dir/__/__/common/core/String.cpp.o
[43/64] Building CXX object apple/macos/CMakeFiles/LokaFloppyBirdStandaloneLoopMacOS.dir/__/__/common/core/StateTracker.cpp.o
[44/64] Building CXX object apple/macos/CMakeFiles/LokaFloppyBirdStandaloneLoopMacOS.dir/__/__/common/core/StringBuffer.cpp.o
[45/64] Building CXX object apple/macos/CMakeFiles/LokaFloppyBirdStandaloneLoopMacOS.dir/__/__/common/core/diag/LifecycleAudit.cpp.o
[46/64] Building CXX object apple/macos/CMakeFiles/LokaFloppyBirdStandaloneLoopMacOS.dir/__/__/common/app/scene/composition/NodeComposition.cpp.o
[47/64] Building CXX object apple/macos/CMakeFiles/LokaFloppyBirdStandaloneLoopMacOS.dir/__/__/common/core/resource/lrpk/LrpkStdioByteSource.cpp.o
[48/64] Building CXX object apple/macos/CMakeFiles/LokaFloppyBirdStandaloneLoopMacOS.dir/__/__/common/platform/GenericString.cpp.o
[49/64] Building CXX object apple/macos/CMakeFiles/LokaFloppyBirdStandaloneLoopMacOS.dir/__/__/common/platform/StringUTF8.cpp.o
[50/64] Building CXX object apple/macos/CMakeFiles/LokaFloppyBirdStandaloneLoopMacOS.dir/__/__/common/platform/debug/GenericDebugLog.cpp.o
[51/64] Building CXX object apple/macos/CMakeFiles/LokaFloppyBirdStandaloneLoopMacOS.dir/__/__/common/platform/file/GenericAppLocation.cpp.o
[52/64] Building CXX object apple/macos/CMakeFiles/LokaFloppyBirdStandaloneLoopMacOS.dir/__/__/common/core/resource/lrpk/LrpkReader.cpp.o
[53/64] Building CXX object apple/macos/CMakeFiles/LokaFloppyBirdStandaloneLoopMacOS.dir/__/__/common/core/Value.cpp.o
[54/64] Building CXX object apple/macos/CMakeFiles/LokaFloppyBirdStandaloneLoopMacOS.dir/__/__/common/platform/file/GenericFileIO.cpp.o
[55/64] Building CXX object apple/macos/CMakeFiles/LokaFloppyBirdStandaloneLoopMacOS.dir/__/__/common/testing/scene/ScenarioAudit.cpp.o
[56/64] Building CXX object apple/macos/CMakeFiles/LokaFloppyBirdStandaloneLoopMacOS.dir/__/__/common/app/core/SceneManager.cpp.o
[57/64] Building CXX object apple/macos/CMakeFiles/LokaFloppyBirdStandaloneLoopMacOS.dir/__/__/common/testing/snap/SnapFormat.cpp.o
[58/64] Building CXX object apple/macos/CMakeFiles/LokaFloppyBirdStandaloneLoopMacOS.dir/__/__/common/app/core/Window.cpp.o
[59/64] Building CXX object apple/macos/CMakeFiles/LokaFloppyBirdStandaloneLoopMacOS.dir/__/__/tests/scenarios/RectSurfaceScenarioObservation.cpp.o
[60/64] Building CXX object apple/macos/CMakeFiles/LokaFloppyBirdStandaloneLoopMacOS.dir/__/__/common/app/scene/boundary/Boundary.cpp.o
[61/64] Building CXX object apple/macos/CMakeFiles/LokaFloppyBirdStandaloneLoopMacOS.dir/__/__/tests/scenarios/FloppyBirdScenarios.cpp.o
[62/64] Building CXX object apple/macos/CMakeFiles/LokaFloppyBirdStandaloneLoopMacOS.dir/__/__/tests/standalone/FloppyBirdStandaloneFlowAppConfig.cpp.o
[63/64] Linking CXX executable apple/macos/LokaFloppyBirdStandaloneLoopMacOS.app/Contents/MacOS/LokaFloppyBirdStandaloneLoopMacOS
ld: warning: object file compiled with -mlong-branch which is no longer needed. To remove this warning, recompile without -mlong-branch: /Developer/SDKs/MacOSX10.4u.sdk/usr/lib/crt1.o
ld: warning: object file compiled with -mlong-branch which is no longer needed. To remove this warning, recompile without -mlong-branch: /Developer/usr/bin/../lib/gcc/powerpc-apple-darwin10/4.0.1/crt3.o
-- The CXX compiler identification is GNU 4.0.1
-- Checking whether CXX compiler has -isysroot
-- Checking whether CXX compiler has -isysroot - yes
-- Checking whether CXX compiler supports OSX deployment target flag
-- Checking whether CXX compiler supports OSX deployment target flag - yes
-- Detecting CXX compiler ABI info
-- Detecting CXX compiler ABI info - done
-- Check for working CXX compiler: /Developer/usr/bin/g++-4.0 - skipped
-- Detecting CXX compile features
-- Detecting CXX compile features - done
-- The OBJCXX compiler identification is GNU 4.0.1
-- Checking whether OBJCXX compiler has -isysroot
-- Checking whether OBJCXX compiler has -isysroot - yes
-- Checking whether OBJCXX compiler supports OSX deployment target flag
-- Checking whether OBJCXX compiler supports OSX deployment target flag - yes
-- Detecting OBJCXX compiler ABI info
-- Detecting OBJCXX compiler ABI info - done
-- Check for working OBJCXX compiler: /Developer/usr/bin/g++-4.0 - skipped
-- Configuring done (1.9s)
-- Generating done (0.3s)
CMake Warning:
  Manually-specified variables were not used by the project:

    CMAKE_C_COMPILER


-- Build files have been written to: /Users/lihi-ai/loka-ub1/build/macos-10.4-ub1/Release-i386
[0/2] Re-checking globbed directories...
[1/58] Building OBJCXX object apple/macos/CMakeFiles/LokaMacOSCore.dir/src/MacBootstrap.mm.o
[2/58] Building CXX object apple/macos/CMakeFiles/LokaMacOSCore.dir/src/MacProfiler.cpp.o
[3/58] Building OBJCXX object apple/macos/CMakeFiles/LokaMacOSCore.dir/src/MacMenuProjection.mm.o
[4/58] Building OBJCXX object apple/macos/CMakeFiles/LokaMacOSCore.dir/src/MacBuiltInSupport.mm.o
[5/58] Building OBJCXX object apple/macos/CMakeFiles/LokaMacOSCore.dir/src/MacDisplayAppearance.mm.o
[6/58] Building OBJCXX object apple/macos/CMakeFiles/LokaMacOSCore.dir/src/platform/MacAppLocation.mm.o
[7/58] Building OBJCXX object apple/macos/CMakeFiles/LokaMacOSCore.dir/src/MacPlatformContext.mm.o
[8/58] Building OBJCXX object apple/macos/CMakeFiles/LokaMacOSCore.dir/src/context/MacRetirableContext.mm.o
[9/58] Building OBJCXX object apple/macos/CMakeFiles/LokaMacOSCore.dir/src/MacApp.mm.o
/Users/lihi-ai/loka-ub1/apple/macos/src/MacApp.mm:15: warning: Mac OS X version 10.5 or later is needed for use of property
/Users/lihi-ai/loka-ub1/apple/macos/src/MacApp.mm:34: warning: Mac OS X version 10.5 or later is needed for use of property
/Users/lihi-ai/loka-ub1/apple/macos/src/MacApp.mm: In member function 'virtual void MacApp::run()':
/Users/lihi-ai/loka-ub1/apple/macos/src/MacApp.mm:117: warning: no '-setActivationPolicy:' method found
/Users/lihi-ai/loka-ub1/apple/macos/src/MacApp.mm:117: warning: (Messages without a matching method signature
/Users/lihi-ai/loka-ub1/apple/macos/src/MacApp.mm:117: warning: will be assumed to return 'id' and accept
/Users/lihi-ai/loka-ub1/apple/macos/src/MacApp.mm:117: warning: '...' as arguments.)
[10/58] Building OBJCXX object apple/macos/CMakeFiles/LokaMacOSCore.dir/src/context/MacButtonContext.mm.o
/Users/lihi-ai/loka-ub1/apple/macos/src/context/MacButtonContext.mm:86: warning: Mac OS X version 10.5 or later is needed for use of property
[11/58] Building OBJCXX object apple/macos/CMakeFiles/LokaMacOSCore.dir/src/MacScenePlatformController.mm.o
[12/58] Building OBJCXX object apple/macos/CMakeFiles/LokaMacOSCore.dir/src/context/MacCellContext.mm.o
/Users/lihi-ai/loka-ub1/apple/macos/src/context/MacCellContext.mm: In constructor 'MacCellContext::MacCellContext(MacScenePlatformController*, void*, int, int, int, int, loka::app::CellNode*)':
/Users/lihi-ai/loka-ub1/apple/macos/src/context/MacCellContext.mm:155: warning: 'LokaCellView' may not respond to '-setWantsLayer:'
/Users/lihi-ai/loka-ub1/apple/macos/src/context/MacCellContext.mm:155: warning: (Messages without a matching method signature
/Users/lihi-ai/loka-ub1/apple/macos/src/context/MacCellContext.mm:155: warning: will be assumed to return 'id' and accept
/Users/lihi-ai/loka-ub1/apple/macos/src/context/MacCellContext.mm:155: warning: '...' as arguments.)
[13/58] Building OBJCXX object apple/macos/CMakeFiles/LokaMacOSCore.dir/src/context/MacEditTextContext.mm.o
/Users/lihi-ai/loka-ub1/apple/macos/src/context/MacEditTextContext.mm:49: warning: Mac OS X version 10.5 or later is needed for use of property
[14/58] Building OBJCXX object apple/macos/CMakeFiles/LokaMacOSCore.dir/src/context/MacOpenFileDialogContext.mm.o
[15/58] Building OBJCXX object apple/macos/CMakeFiles/LokaMacOSCore.dir/src/context/MacTextContext.mm.o
[16/58] Building OBJCXX object apple/macos/CMakeFiles/LokaMacOSCore.dir/__/common/cocoa/src/AppleString.mm.o
[17/58] Building OBJCXX object apple/macos/CMakeFiles/LokaMacOSCore.dir/src/context/MacImageViewContext.mm.o
[18/58] Building OBJCXX object apple/macos/CMakeFiles/LokaMacOSCore.dir/src/context/MacPopupMenuContext.mm.o
/Users/lihi-ai/loka-ub1/apple/macos/src/context/MacPopupMenuContext.mm:47: warning: Mac OS X version 10.5 or later is needed for use of property
[19/58] Building OBJCXX object apple/macos/CMakeFiles/LokaMacOSCore.dir/src/context/MacRectSurfaceContext.mm.o
[20/58] Building CXX object apple/macos/CMakeFiles/LokaMacOSCore.dir/__/__/common/app/MenuComposition.cpp.o
[21/58] Building CXX object apple/macos/CMakeFiles/LokaMacOSCore.dir/__/__/common/app/core/AppComposition.cpp.o
[22/58] Building OBJCXX object apple/macos/CMakeFiles/LokaMacOSCore.dir/src/context/MacScrollViewContext.mm.o
[23/58] Building CXX object apple/macos/CMakeFiles/LokaMacOSCore.dir/__/__/common/app/core/App.cpp.o
[24/58] Building CXX object apple/macos/CMakeFiles/LokaMacOSCore.dir/__/__/common/app/layout/LayoutHeuristics.cpp.o
[25/58] Building CXX object apple/macos/CMakeFiles/LokaMacOSCore.dir/__/__/common/app/core/MenuController.cpp.o
[26/58] Building CXX object apple/macos/CMakeFiles/LokaMacOSCore.dir/__/__/common/app/scene/Node.cpp.o
[27/58] Building CXX object apple/macos/CMakeFiles/LokaMacOSCore.dir/__/__/common/app/core/DialogResultTransport.cpp.o
[28/58] Building CXX object apple/macos/CMakeFiles/LokaMacOSCore.dir/__/__/common/app/scene/boundary/detail/NodeBuildTicket.cpp.o
[29/58] Building CXX object apple/macos/CMakeFiles/LokaMacOSCore.dir/__/__/common/app/scene/boundary/detail/SeatBuildRequest.cpp.o
[30/58] Building CXX object apple/macos/CMakeFiles/LokaMacOSCore.dir/__/__/common/app/scene/boundary/BoundaryInnerStateOwner.cpp.o
[31/58] Building CXX object apple/macos/CMakeFiles/LokaMacOSCore.dir/__/__/common/app/scene/boundary/detail/SeatReservation.cpp.o
[32/58] Building CXX object apple/macos/CMakeFiles/LokaMacOSCore.dir/__/__/common/app/scene/node/Conditional.cpp.o
[33/58] Building CXX object apple/macos/CMakeFiles/LokaMacOSCore.dir/__/__/common/app/scene/projection/PlatformController.cpp.o
[34/58] Building CXX object apple/macos/CMakeFiles/LokaMacOSCore.dir/__/__/common/core/LokaAlloc.cpp.o
[35/58] Building CXX object apple/macos/CMakeFiles/LokaMacOSCore.dir/__/__/common/core/Profiler.cpp.o
[36/58] Building CXX object apple/macos/CMakeFiles/LokaMacOSCore.dir/__/__/common/core/StateTracker.cpp.o
[37/58] Building OBJCXX object apple/macos/CMakeFiles/LokaMacOSCore.dir/src/MacWindow.mm.o
/Users/lihi-ai/loka-ub1/apple/macos/src/MacWindow.mm:56: warning: Mac OS X version 10.5 or later is needed for use of property
[38/58] Building CXX object apple/macos/CMakeFiles/LokaMacOSCore.dir/__/__/common/app/scene/composition/NodeComposition.cpp.o
[39/58] Building CXX object apple/macos/CMakeFiles/LokaMacOSCore.dir/__/__/common/core/String.cpp.o
[40/58] Building CXX object apple/macos/CMakeFiles/LokaMacOSCore.dir/__/__/common/core/diag/LifecycleAudit.cpp.o
[41/58] Building CXX object apple/macos/CMakeFiles/LokaMacOSCore.dir/__/__/common/core/StringBuffer.cpp.o
[42/58] Building CXX object apple/macos/CMakeFiles/LokaMacOSCore.dir/__/__/common/core/resource/lrpk/LrpkStdioByteSource.cpp.o
[43/58] Building CXX object apple/macos/CMakeFiles/LokaMacOSCore.dir/__/__/common/platform/GenericString.cpp.o
[44/58] Building CXX object apple/macos/CMakeFiles/LokaMacOSCore.dir/__/__/common/platform/StringUTF8.cpp.o
[45/58] Building CXX object apple/macos/CMakeFiles/LokaMacOSCore.dir/__/__/common/platform/debug/GenericDebugLog.cpp.o
[46/58] Building CXX object apple/macos/CMakeFiles/LokaMacOSCore.dir/__/__/common/platform/file/GenericAppLocation.cpp.o
[47/58] Building CXX object apple/macos/CMakeFiles/LokaMacOSCore.dir/__/__/common/core/Value.cpp.o
[48/58] Building CXX object apple/macos/CMakeFiles/LokaMacOSCore.dir/__/__/common/core/resource/lrpk/LrpkReader.cpp.o
[49/58] Building CXX object apple/macos/CMakeFiles/LokaMacOSCore.dir/__/__/common/platform/file/GenericFileIO.cpp.o
[50/58] Building CXX object apple/macos/CMakeFiles/LokaMacOSCore.dir/__/__/common/app/core/SceneManager.cpp.o
[51/58] Building CXX object apple/macos/CMakeFiles/LokaMacOSCore.dir/__/__/common/testing/scene/ScenarioAudit.cpp.o
[52/58] Building CXX object apple/macos/CMakeFiles/LokaMacOSCore.dir/__/__/common/app/core/Window.cpp.o
[53/58] Building CXX object apple/macos/CMakeFiles/LokaMacOSCore.dir/__/__/common/testing/snap/SnapFormat.cpp.o
[54/58] Building CXX object apple/macos/CMakeFiles/LokaMacOSCore.dir/__/__/common/app/scene/boundary/Boundary.cpp.o
[55/58] Linking CXX static library apple/macos/libLokaMacOSCore.a
/Developer/usr/bin/ranlib: file: apple/macos/libLokaMacOSCore.a(LifecycleAudit.cpp.o) has no symbols
/Developer/usr/bin/ranlib: file: apple/macos/libLokaMacOSCore.a(GenericString.cpp.o) has no symbols
/Developer/usr/bin/ranlib: file: apple/macos/libLokaMacOSCore.a(GenericDebugLog.cpp.o) has no symbols
/Developer/usr/bin/ranlib: file: apple/macos/libLokaMacOSCore.a(GenericAppLocation.cpp.o) has no symbols
/Developer/usr/bin/ranlib: file: apple/macos/libLokaMacOSCore.a(LifecycleAudit.cpp.o) has no symbols
/Developer/usr/bin/ranlib: file: apple/macos/libLokaMacOSCore.a(GenericString.cpp.o) has no symbols
/Developer/usr/bin/ranlib: file: apple/macos/libLokaMacOSCore.a(GenericDebugLog.cpp.o) has no symbols
/Developer/usr/bin/ranlib: file: apple/macos/libLokaMacOSCore.a(GenericAppLocation.cpp.o) has no symbols
[56/58] Building OBJCXX object example/SimpleViewer/CMakeFiles/LokaSimpleViewerMacOS.dir/src/MacOSMain.mm.o
[57/58] Linking CXX executable example/SimpleViewer/LokaSimpleViewerMacOS.app/Contents/MacOS/LokaSimpleViewerMacOS
-- Configuring done (0.7s)
-- Generating done (2.2s)
-- Build files have been written to: /Users/lihi-ai/loka-ub1/build/macos-10.4-ub1/Release-i386
[0/2] Re-checking globbed directories...
[1/65] Copying OS X Content apple/macos/LokaScrapbookStandaloneLoopMacOS.app/Contents/Resources/ASSETS.LRP
[2/65] Building OBJCXX object apple/macos/CMakeFiles/LokaScrapbookStandaloneLoopMacOS.dir/src/MacBootstrap.mm.o
[3/65] Building CXX object apple/macos/CMakeFiles/LokaScrapbookStandaloneLoopMacOS.dir/__/__/tests/scenarios/ScenarioTypes.cpp.o
[4/65] Building CXX object apple/macos/CMakeFiles/LokaScrapbookStandaloneLoopMacOS.dir/__/__/tests/TestingHooks.cpp.o
[5/65] Building OBJCXX object apple/macos/CMakeFiles/LokaScrapbookStandaloneLoopMacOS.dir/src/MacMenuProjection.mm.o
[6/65] Building CXX object apple/macos/CMakeFiles/LokaScrapbookStandaloneLoopMacOS.dir/__/__/tests/standalone/StandaloneScenarioSupport.cpp.o
[7/65] Building CXX object apple/macos/CMakeFiles/LokaScrapbookStandaloneLoopMacOS.dir/__/__/tests/scenarios/ScenarioReel.cpp.o
[8/65] Building CXX object apple/macos/CMakeFiles/LokaScrapbookStandaloneLoopMacOS.dir/src/MacProfiler.cpp.o
[9/65] Building OBJCXX object apple/macos/CMakeFiles/LokaScrapbookStandaloneLoopMacOS.dir/src/MacBuiltInSupport.mm.o
[10/65] Building OBJCXX object apple/macos/CMakeFiles/LokaScrapbookStandaloneLoopMacOS.dir/__/__/tests/macos/StandaloneFlowMain.mm.o
[11/65] Building OBJCXX object apple/macos/CMakeFiles/LokaScrapbookStandaloneLoopMacOS.dir/src/MacApp.mm.o
/Users/lihi-ai/loka-ub1/apple/macos/src/MacApp.mm:15: warning: Mac OS X version 10.5 or later is needed for use of property
/Users/lihi-ai/loka-ub1/apple/macos/src/MacApp.mm:34: warning: Mac OS X version 10.5 or later is needed for use of property
/Users/lihi-ai/loka-ub1/apple/macos/src/MacApp.mm: In member function 'virtual void MacApp::run()':
/Users/lihi-ai/loka-ub1/apple/macos/src/MacApp.mm:117: warning: no '-setActivationPolicy:' method found
/Users/lihi-ai/loka-ub1/apple/macos/src/MacApp.mm:117: warning: (Messages without a matching method signature
/Users/lihi-ai/loka-ub1/apple/macos/src/MacApp.mm:117: warning: will be assumed to return 'id' and accept
/Users/lihi-ai/loka-ub1/apple/macos/src/MacApp.mm:117: warning: '...' as arguments.)
[12/65] Building OBJCXX object apple/macos/CMakeFiles/LokaScrapbookStandaloneLoopMacOS.dir/src/MacDisplayAppearance.mm.o
[13/65] Building OBJCXX object apple/macos/CMakeFiles/LokaScrapbookStandaloneLoopMacOS.dir/src/context/MacRetirableContext.mm.o
[14/65] Building OBJCXX object apple/macos/CMakeFiles/LokaScrapbookStandaloneLoopMacOS.dir/src/platform/MacAppLocation.mm.o
[15/65] Building OBJCXX object apple/macos/CMakeFiles/LokaScrapbookStandaloneLoopMacOS.dir/src/MacPlatformContext.mm.o
[16/65] Building OBJCXX object apple/macos/CMakeFiles/LokaScrapbookStandaloneLoopMacOS.dir/src/context/MacButtonContext.mm.o
/Users/lihi-ai/loka-ub1/apple/macos/src/context/MacButtonContext.mm:86: warning: Mac OS X version 10.5 or later is needed for use of property
[17/65] Building OBJCXX object apple/macos/CMakeFiles/LokaScrapbookStandaloneLoopMacOS.dir/src/context/MacCellContext.mm.o
/Users/lihi-ai/loka-ub1/apple/macos/src/context/MacCellContext.mm: In constructor 'MacCellContext::MacCellContext(MacScenePlatformController*, void*, int, int, int, int, loka::app::CellNode*)':
/Users/lihi-ai/loka-ub1/apple/macos/src/context/MacCellContext.mm:155: warning: 'LokaCellView' may not respond to '-setWantsLayer:'
/Users/lihi-ai/loka-ub1/apple/macos/src/context/MacCellContext.mm:155: warning: (Messages without a matching method signature
/Users/lihi-ai/loka-ub1/apple/macos/src/context/MacCellContext.mm:155: warning: will be assumed to return 'id' and accept
/Users/lihi-ai/loka-ub1/apple/macos/src/context/MacCellContext.mm:155: warning: '...' as arguments.)
[18/65] Building OBJCXX object apple/macos/CMakeFiles/LokaScrapbookStandaloneLoopMacOS.dir/src/MacScenePlatformController.mm.o
[19/65] Building OBJCXX object apple/macos/CMakeFiles/LokaScrapbookStandaloneLoopMacOS.dir/src/context/MacEditTextContext.mm.o
/Users/lihi-ai/loka-ub1/apple/macos/src/context/MacEditTextContext.mm:49: warning: Mac OS X version 10.5 or later is needed for use of property
[20/65] Building OBJCXX object apple/macos/CMakeFiles/LokaScrapbookStandaloneLoopMacOS.dir/src/context/MacTextContext.mm.o
[21/65] Building OBJCXX object apple/macos/CMakeFiles/LokaScrapbookStandaloneLoopMacOS.dir/src/context/MacOpenFileDialogContext.mm.o
/Users/lihi-ai/loka-ub1/apple/macos/src/context/MacOpenFileDialogContext.mm:22: warning: Mac OS X version 10.5 or later is needed for use of property
[22/65] Building OBJCXX object apple/macos/CMakeFiles/LokaScrapbookStandaloneLoopMacOS.dir/src/context/MacImageViewContext.mm.o
[23/65] Building OBJCXX object apple/macos/CMakeFiles/LokaScrapbookStandaloneLoopMacOS.dir/src/context/MacPopupMenuContext.mm.o
/Users/lihi-ai/loka-ub1/apple/macos/src/context/MacPopupMenuContext.mm:47: warning: Mac OS X version 10.5 or later is needed for use of property
[24/65] Building OBJCXX object apple/macos/CMakeFiles/LokaScrapbookStandaloneLoopMacOS.dir/src/context/MacRectSurfaceContext.mm.o
[25/65] Building OBJCXX object apple/macos/CMakeFiles/LokaScrapbookStandaloneLoopMacOS.dir/src/context/MacScrollViewContext.mm.o
[26/65] Building OBJCXX object apple/macos/CMakeFiles/LokaScrapbookStandaloneLoopMacOS.dir/__/common/cocoa/src/AppleString.mm.o
[27/65] Building CXX object apple/macos/CMakeFiles/LokaScrapbookStandaloneLoopMacOS.dir/__/__/common/app/MenuComposition.cpp.o
[28/65] Building CXX object apple/macos/CMakeFiles/LokaScrapbookStandaloneLoopMacOS.dir/__/__/common/app/core/AppComposition.cpp.o
[29/65] Building CXX object apple/macos/CMakeFiles/LokaScrapbookStandaloneLoopMacOS.dir/__/__/common/app/core/App.cpp.o
[30/65] Building CXX object apple/macos/CMakeFiles/LokaScrapbookStandaloneLoopMacOS.dir/__/__/common/app/layout/LayoutHeuristics.cpp.o
[31/65] Building CXX object apple/macos/CMakeFiles/LokaScrapbookStandaloneLoopMacOS.dir/__/__/common/app/core/MenuController.cpp.o
[32/65] Building CXX object apple/macos/CMakeFiles/LokaScrapbookStandaloneLoopMacOS.dir/__/__/common/app/scene/Node.cpp.o
[33/65] Building CXX object apple/macos/CMakeFiles/LokaScrapbookStandaloneLoopMacOS.dir/__/__/common/app/core/DialogResultTransport.cpp.o
[34/65] Building CXX object apple/macos/CMakeFiles/LokaScrapbookStandaloneLoopMacOS.dir/__/__/common/app/scene/boundary/detail/NodeBuildTicket.cpp.o
[35/65] Building CXX object apple/macos/CMakeFiles/LokaScrapbookStandaloneLoopMacOS.dir/__/__/common/app/scene/boundary/detail/SeatBuildRequest.cpp.o
[36/65] Building CXX object apple/macos/CMakeFiles/LokaScrapbookStandaloneLoopMacOS.dir/__/__/common/app/scene/boundary/BoundaryInnerStateOwner.cpp.o
[37/65] Building CXX object apple/macos/CMakeFiles/LokaScrapbookStandaloneLoopMacOS.dir/__/__/common/app/scene/boundary/detail/SeatReservation.cpp.o
[38/65] Building CXX object apple/macos/CMakeFiles/LokaScrapbookStandaloneLoopMacOS.dir/__/__/common/app/scene/node/Conditional.cpp.o
[39/65] Building CXX object apple/macos/CMakeFiles/LokaScrapbookStandaloneLoopMacOS.dir/__/__/common/app/scene/projection/PlatformController.cpp.o
[40/65] Building CXX object apple/macos/CMakeFiles/LokaScrapbookStandaloneLoopMacOS.dir/__/__/common/core/LokaAlloc.cpp.o
[41/65] Building CXX object apple/macos/CMakeFiles/LokaScrapbookStandaloneLoopMacOS.dir/__/__/common/core/Profiler.cpp.o
[42/65] Building CXX object apple/macos/CMakeFiles/LokaScrapbookStandaloneLoopMacOS.dir/__/__/common/core/StateTracker.cpp.o
[43/65] Building OBJCXX object apple/macos/CMakeFiles/LokaScrapbookStandaloneLoopMacOS.dir/src/MacWindow.mm.o
/Users/lihi-ai/loka-ub1/apple/macos/src/MacWindow.mm:56: warning: Mac OS X version 10.5 or later is needed for use of property
[44/65] Building CXX object apple/macos/CMakeFiles/LokaScrapbookStandaloneLoopMacOS.dir/__/__/common/core/String.cpp.o
[45/65] Building CXX object apple/macos/CMakeFiles/LokaScrapbookStandaloneLoopMacOS.dir/__/__/common/core/StringBuffer.cpp.o
[46/65] Building CXX object apple/macos/CMakeFiles/LokaScrapbookStandaloneLoopMacOS.dir/__/__/common/core/diag/LifecycleAudit.cpp.o
[47/65] Building CXX object apple/macos/CMakeFiles/LokaScrapbookStandaloneLoopMacOS.dir/__/__/common/core/resource/lrpk/LrpkReader.cpp.o
[48/65] Building CXX object apple/macos/CMakeFiles/LokaScrapbookStandaloneLoopMacOS.dir/__/__/common/app/scene/composition/NodeComposition.cpp.o
[49/65] Building CXX object apple/macos/CMakeFiles/LokaScrapbookStandaloneLoopMacOS.dir/__/__/common/platform/GenericString.cpp.o
[50/65] Building CXX object apple/macos/CMakeFiles/LokaScrapbookStandaloneLoopMacOS.dir/__/__/common/core/resource/lrpk/LrpkStdioByteSource.cpp.o
[51/65] Building CXX object apple/macos/CMakeFiles/LokaScrapbookStandaloneLoopMacOS.dir/__/__/common/platform/debug/GenericDebugLog.cpp.o
[52/65] Building CXX object apple/macos/CMakeFiles/LokaScrapbookStandaloneLoopMacOS.dir/__/__/common/core/Value.cpp.o
[53/65] Building CXX object apple/macos/CMakeFiles/LokaScrapbookStandaloneLoopMacOS.dir/__/__/common/platform/file/GenericAppLocation.cpp.o
[54/65] Building CXX object apple/macos/CMakeFiles/LokaScrapbookStandaloneLoopMacOS.dir/__/__/common/platform/StringUTF8.cpp.o
[55/65] Building CXX object apple/macos/CMakeFiles/LokaScrapbookStandaloneLoopMacOS.dir/__/__/common/platform/file/GenericFileIO.cpp.o
[56/65] Building CXX object apple/macos/CMakeFiles/LokaScrapbookStandaloneLoopMacOS.dir/__/__/common/testing/scene/ScenarioAudit.cpp.o
[57/65] Building CXX object apple/macos/CMakeFiles/LokaScrapbookStandaloneLoopMacOS.dir/__/__/common/testing/snap/SnapFormat.cpp.o
[58/65] Building CXX object apple/macos/CMakeFiles/LokaScrapbookStandaloneLoopMacOS.dir/__/__/common/app/core/SceneManager.cpp.o
[59/65] Building CXX object apple/macos/CMakeFiles/LokaScrapbookStandaloneLoopMacOS.dir/__/__/common/app/core/Window.cpp.o
[60/65] Building CXX object apple/macos/CMakeFiles/LokaScrapbookStandaloneLoopMacOS.dir/__/__/example/ScrapbookUI/src/ScrapbookPackage.cpp.o
[61/65] Building CXX object apple/macos/CMakeFiles/LokaScrapbookStandaloneLoopMacOS.dir/__/__/common/app/scene/boundary/Boundary.cpp.o
[62/65] Building CXX object apple/macos/CMakeFiles/LokaScrapbookStandaloneLoopMacOS.dir/__/__/tests/standalone/ScrapbookStandaloneFlowAppConfig.cpp.o
[63/65] Building CXX object apple/macos/CMakeFiles/LokaScrapbookStandaloneLoopMacOS.dir/__/__/tests/scenarios/ScrapbookScenarios.cpp.o
[64/65] Linking CXX executable apple/macos/LokaScrapbookStandaloneLoopMacOS.app/Contents/MacOS/LokaScrapbookStandaloneLoopMacOS
-- Configuring done (0.7s)
-- Generating done (2.2s)
-- Build files have been written to: /Users/lihi-ai/loka-ub1/build/macos-10.4-ub1/Release-i386
[0/2] Re-checking globbed directories...
[1/64] Building OBJCXX object apple/macos/CMakeFiles/LokaHelloWorldStandaloneLoopMacOS.dir/src/MacBootstrap.mm.o
[2/64] Building CXX object apple/macos/CMakeFiles/LokaHelloWorldStandaloneLoopMacOS.dir/__/__/tests/scenarios/ScenarioTypes.cpp.o
[3/64] Building OBJCXX object apple/macos/CMakeFiles/LokaHelloWorldStandaloneLoopMacOS.dir/src/MacMenuProjection.mm.o
[4/64] Building CXX object apple/macos/CMakeFiles/LokaHelloWorldStandaloneLoopMacOS.dir/__/__/tests/TestingHooks.cpp.o
[5/64] Building CXX object apple/macos/CMakeFiles/LokaHelloWorldStandaloneLoopMacOS.dir/__/__/tests/scenarios/ScenarioReel.cpp.o
[6/64] Building CXX object apple/macos/CMakeFiles/LokaHelloWorldStandaloneLoopMacOS.dir/__/__/tests/standalone/StandaloneScenarioSupport.cpp.o
[7/64] Building CXX object apple/macos/CMakeFiles/LokaHelloWorldStandaloneLoopMacOS.dir/src/MacProfiler.cpp.o
[8/64] Building OBJCXX object apple/macos/CMakeFiles/LokaHelloWorldStandaloneLoopMacOS.dir/src/MacBuiltInSupport.mm.o
[9/64] Building OBJCXX object apple/macos/CMakeFiles/LokaHelloWorldStandaloneLoopMacOS.dir/__/__/tests/macos/StandaloneFlowMain.mm.o
[10/64] Building OBJCXX object apple/macos/CMakeFiles/LokaHelloWorldStandaloneLoopMacOS.dir/src/MacApp.mm.o
/Users/lihi-ai/loka-ub1/apple/macos/src/MacApp.mm:15: warning: Mac OS X version 10.5 or later is needed for use of property
/Users/lihi-ai/loka-ub1/apple/macos/src/MacApp.mm:34: warning: Mac OS X version 10.5 or later is needed for use of property
/Users/lihi-ai/loka-ub1/apple/macos/src/MacApp.mm: In member function 'virtual void MacApp::run()':
/Users/lihi-ai/loka-ub1/apple/macos/src/MacApp.mm:117: warning: no '-setActivationPolicy:' method found
/Users/lihi-ai/loka-ub1/apple/macos/src/MacApp.mm:117: warning: (Messages without a matching method signature
/Users/lihi-ai/loka-ub1/apple/macos/src/MacApp.mm:117: warning: will be assumed to return 'id' and accept
/Users/lihi-ai/loka-ub1/apple/macos/src/MacApp.mm:117: warning: '...' as arguments.)
[11/64] Building OBJCXX object apple/macos/CMakeFiles/LokaHelloWorldStandaloneLoopMacOS.dir/src/MacDisplayAppearance.mm.o
[12/64] Building OBJCXX object apple/macos/CMakeFiles/LokaHelloWorldStandaloneLoopMacOS.dir/src/context/MacRetirableContext.mm.o
[13/64] Building OBJCXX object apple/macos/CMakeFiles/LokaHelloWorldStandaloneLoopMacOS.dir/src/platform/MacAppLocation.mm.o
[14/64] Building OBJCXX object apple/macos/CMakeFiles/LokaHelloWorldStandaloneLoopMacOS.dir/src/MacPlatformContext.mm.o
[15/64] Building OBJCXX object apple/macos/CMakeFiles/LokaHelloWorldStandaloneLoopMacOS.dir/src/context/MacButtonContext.mm.o
/Users/lihi-ai/loka-ub1/apple/macos/src/context/MacButtonContext.mm:86: warning: Mac OS X version 10.5 or later is needed for use of property
[16/64] Building OBJCXX object apple/macos/CMakeFiles/LokaHelloWorldStandaloneLoopMacOS.dir/src/context/MacCellContext.mm.o
/Users/lihi-ai/loka-ub1/apple/macos/src/context/MacCellContext.mm: In constructor 'MacCellContext::MacCellContext(MacScenePlatformController*, void*, int, int, int, int, loka::app::CellNode*)':
/Users/lihi-ai/loka-ub1/apple/macos/src/context/MacCellContext.mm:155: warning: 'LokaCellView' may not respond to '-setWantsLayer:'
/Users/lihi-ai/loka-ub1/apple/macos/src/context/MacCellContext.mm:155: warning: (Messages without a matching method signature
/Users/lihi-ai/loka-ub1/apple/macos/src/context/MacCellContext.mm:155: warning: will be assumed to return 'id' and accept
/Users/lihi-ai/loka-ub1/apple/macos/src/context/MacCellContext.mm:155: warning: '...' as arguments.)
[17/64] Building OBJCXX object apple/macos/CMakeFiles/LokaHelloWorldStandaloneLoopMacOS.dir/src/MacScenePlatformController.mm.o
[18/64] Building OBJCXX object apple/macos/CMakeFiles/LokaHelloWorldStandaloneLoopMacOS.dir/src/context/MacEditTextContext.mm.o
/Users/lihi-ai/loka-ub1/apple/macos/src/context/MacEditTextContext.mm:49: warning: Mac OS X version 10.5 or later is needed for use of property
[19/64] Building OBJCXX object apple/macos/CMakeFiles/LokaHelloWorldStandaloneLoopMacOS.dir/src/context/MacOpenFileDialogContext.mm.o
/Users/lihi-ai/loka-ub1/apple/macos/src/context/MacOpenFileDialogContext.mm:22: warning: Mac OS X version 10.5 or later is needed for use of property
[20/64] Building OBJCXX object apple/macos/CMakeFiles/LokaHelloWorldStandaloneLoopMacOS.dir/src/context/MacTextContext.mm.o
[21/64] Building OBJCXX object apple/macos/CMakeFiles/LokaHelloWorldStandaloneLoopMacOS.dir/__/common/cocoa/src/AppleString.mm.o
[22/64] Building OBJCXX object apple/macos/CMakeFiles/LokaHelloWorldStandaloneLoopMacOS.dir/src/context/MacImageViewContext.mm.o
[23/64] Building OBJCXX object apple/macos/CMakeFiles/LokaHelloWorldStandaloneLoopMacOS.dir/src/context/MacRectSurfaceContext.mm.o
[24/64] Building CXX object apple/macos/CMakeFiles/LokaHelloWorldStandaloneLoopMacOS.dir/__/__/common/app/MenuComposition.cpp.o
[25/64] Building OBJCXX object apple/macos/CMakeFiles/LokaHelloWorldStandaloneLoopMacOS.dir/src/context/MacScrollViewContext.mm.o
[26/64] Building OBJCXX object apple/macos/CMakeFiles/LokaHelloWorldStandaloneLoopMacOS.dir/src/context/MacPopupMenuContext.mm.o
/Users/lihi-ai/loka-ub1/apple/macos/src/context/MacPopupMenuContext.mm:47: warning: Mac OS X version 10.5 or later is needed for use of property
[27/64] Building CXX object apple/macos/CMakeFiles/LokaHelloWorldStandaloneLoopMacOS.dir/__/__/common/app/core/AppComposition.cpp.o
[28/64] Building CXX object apple/macos/CMakeFiles/LokaHelloWorldStandaloneLoopMacOS.dir/__/__/common/app/core/App.cpp.o
[29/64] Building CXX object apple/macos/CMakeFiles/LokaHelloWorldStandaloneLoopMacOS.dir/__/__/common/app/core/MenuController.cpp.o
[30/64] Building CXX object apple/macos/CMakeFiles/LokaHelloWorldStandaloneLoopMacOS.dir/__/__/common/app/core/DialogResultTransport.cpp.o
[31/64] Building CXX object apple/macos/CMakeFiles/LokaHelloWorldStandaloneLoopMacOS.dir/__/__/common/app/scene/Node.cpp.o
[32/64] Building CXX object apple/macos/CMakeFiles/LokaHelloWorldStandaloneLoopMacOS.dir/__/__/common/app/layout/LayoutHeuristics.cpp.o
[33/64] Building CXX object apple/macos/CMakeFiles/LokaHelloWorldStandaloneLoopMacOS.dir/__/__/common/app/scene/boundary/detail/NodeBuildTicket.cpp.o
[34/64] Building CXX object apple/macos/CMakeFiles/LokaHelloWorldStandaloneLoopMacOS.dir/__/__/common/app/scene/boundary/BoundaryInnerStateOwner.cpp.o
[35/64] Building CXX object apple/macos/CMakeFiles/LokaHelloWorldStandaloneLoopMacOS.dir/__/__/common/app/scene/boundary/detail/SeatBuildRequest.cpp.o
[36/64] Building CXX object apple/macos/CMakeFiles/LokaHelloWorldStandaloneLoopMacOS.dir/__/__/common/app/scene/boundary/detail/SeatReservation.cpp.o
[37/64] Building OBJCXX object apple/macos/CMakeFiles/LokaHelloWorldStandaloneLoopMacOS.dir/src/MacWindow.mm.o
/Users/lihi-ai/loka-ub1/apple/macos/src/MacWindow.mm:56: warning: Mac OS X version 10.5 or later is needed for use of property
[38/64] Building CXX object apple/macos/CMakeFiles/LokaHelloWorldStandaloneLoopMacOS.dir/__/__/common/app/scene/node/Conditional.cpp.o
[39/64] Building CXX object apple/macos/CMakeFiles/LokaHelloWorldStandaloneLoopMacOS.dir/__/__/common/core/LokaAlloc.cpp.o
[40/64] Building CXX object apple/macos/CMakeFiles/LokaHelloWorldStandaloneLoopMacOS.dir/__/__/common/core/Profiler.cpp.o
[41/64] Building CXX object apple/macos/CMakeFiles/LokaHelloWorldStandaloneLoopMacOS.dir/__/__/common/app/scene/projection/PlatformController.cpp.o
[42/64] Building CXX object apple/macos/CMakeFiles/LokaHelloWorldStandaloneLoopMacOS.dir/__/__/common/core/String.cpp.o
[43/64] Building CXX object apple/macos/CMakeFiles/LokaHelloWorldStandaloneLoopMacOS.dir/__/__/common/core/StateTracker.cpp.o
[44/64] Building CXX object apple/macos/CMakeFiles/LokaHelloWorldStandaloneLoopMacOS.dir/__/__/common/core/StringBuffer.cpp.o
[45/64] Building CXX object apple/macos/CMakeFiles/LokaHelloWorldStandaloneLoopMacOS.dir/__/__/common/core/diag/LifecycleAudit.cpp.o
[46/64] Building CXX object apple/macos/CMakeFiles/LokaHelloWorldStandaloneLoopMacOS.dir/__/__/common/core/resource/lrpk/LrpkReader.cpp.o
[47/64] Building CXX object apple/macos/CMakeFiles/LokaHelloWorldStandaloneLoopMacOS.dir/__/__/common/core/resource/lrpk/LrpkStdioByteSource.cpp.o
[48/64] Building CXX object apple/macos/CMakeFiles/LokaHelloWorldStandaloneLoopMacOS.dir/__/__/common/platform/GenericString.cpp.o
[49/64] Building CXX object apple/macos/CMakeFiles/LokaHelloWorldStandaloneLoopMacOS.dir/__/__/common/app/scene/composition/NodeComposition.cpp.o
[50/64] Building CXX object apple/macos/CMakeFiles/LokaHelloWorldStandaloneLoopMacOS.dir/__/__/common/core/Value.cpp.o
[51/64] Building CXX object apple/macos/CMakeFiles/LokaHelloWorldStandaloneLoopMacOS.dir/__/__/common/platform/file/GenericAppLocation.cpp.o
[52/64] Building CXX object apple/macos/CMakeFiles/LokaHelloWorldStandaloneLoopMacOS.dir/__/__/common/platform/debug/GenericDebugLog.cpp.o
[53/64] Building CXX object apple/macos/CMakeFiles/LokaHelloWorldStandaloneLoopMacOS.dir/__/__/common/platform/StringUTF8.cpp.o
[54/64] Building CXX object apple/macos/CMakeFiles/LokaHelloWorldStandaloneLoopMacOS.dir/__/__/common/platform/file/GenericFileIO.cpp.o
[55/64] Building CXX object apple/macos/CMakeFiles/LokaHelloWorldStandaloneLoopMacOS.dir/__/__/common/testing/scene/ScenarioAudit.cpp.o
[56/64] Building CXX object apple/macos/CMakeFiles/LokaHelloWorldStandaloneLoopMacOS.dir/__/__/common/testing/snap/SnapFormat.cpp.o
[57/64] Building CXX object apple/macos/CMakeFiles/LokaHelloWorldStandaloneLoopMacOS.dir/__/__/common/app/core/SceneManager.cpp.o
[58/64] Building CXX object apple/macos/CMakeFiles/LokaHelloWorldStandaloneLoopMacOS.dir/__/__/common/app/core/Window.cpp.o
[59/64] Building CXX object apple/macos/CMakeFiles/LokaHelloWorldStandaloneLoopMacOS.dir/__/__/common/app/scene/boundary/Boundary.cpp.o
[60/64] Building CXX object apple/macos/CMakeFiles/LokaHelloWorldStandaloneLoopMacOS.dir/__/__/tests/scenarios/HelloWorldScenarios.cpp.o
[61/64] Building CXX object apple/macos/CMakeFiles/LokaHelloWorldStandaloneLoopMacOS.dir/__/__/example/HelloWorld/src/MainNode.cpp.o
[62/64] Building CXX object apple/macos/CMakeFiles/LokaHelloWorldStandaloneLoopMacOS.dir/__/__/tests/standalone/HelloWorldStandaloneFlowAppConfig.cpp.o
[63/64] Linking CXX executable apple/macos/LokaHelloWorldStandaloneLoopMacOS.app/Contents/MacOS/LokaHelloWorldStandaloneLoopMacOS
-- Configuring done (0.2s)
-- Generating done (0.7s)
-- Build files have been written to: /Users/lihi-ai/loka-ub1/build/macos-10.4-ub1/Release-i386
[0/2] Re-checking globbed directories...
[1/63] Building OBJCXX object apple/macos/CMakeFiles/LokaTutorialStandaloneLoopMacOS.dir/src/MacBootstrap.mm.o
[2/63] Building CXX object apple/macos/CMakeFiles/LokaTutorialStandaloneLoopMacOS.dir/__/__/tests/scenarios/ScenarioTypes.cpp.o
[3/63] Building OBJCXX object apple/macos/CMakeFiles/LokaTutorialStandaloneLoopMacOS.dir/src/MacMenuProjection.mm.o
[4/63] Building CXX object apple/macos/CMakeFiles/LokaTutorialStandaloneLoopMacOS.dir/__/__/tests/scenarios/ScenarioReel.cpp.o
[5/63] Building CXX object apple/macos/CMakeFiles/LokaTutorialStandaloneLoopMacOS.dir/__/__/tests/TestingHooks.cpp.o
[6/63] Building CXX object apple/macos/CMakeFiles/LokaTutorialStandaloneLoopMacOS.dir/__/__/tests/standalone/StandaloneScenarioSupport.cpp.o
[7/63] Building CXX object apple/macos/CMakeFiles/LokaTutorialStandaloneLoopMacOS.dir/src/MacProfiler.cpp.o
[8/63] Building OBJCXX object apple/macos/CMakeFiles/LokaTutorialStandaloneLoopMacOS.dir/src/MacBuiltInSupport.mm.o
[9/63] Building OBJCXX object apple/macos/CMakeFiles/LokaTutorialStandaloneLoopMacOS.dir/__/__/tests/macos/StandaloneFlowMain.mm.o
[10/63] Building OBJCXX object apple/macos/CMakeFiles/LokaTutorialStandaloneLoopMacOS.dir/src/MacDisplayAppearance.mm.o
[11/63] Building OBJCXX object apple/macos/CMakeFiles/LokaTutorialStandaloneLoopMacOS.dir/src/MacApp.mm.o
/Users/lihi-ai/loka-ub1/apple/macos/src/MacApp.mm:15: warning: Mac OS X version 10.5 or later is needed for use of property
/Users/lihi-ai/loka-ub1/apple/macos/src/MacApp.mm:34: warning: Mac OS X version 10.5 or later is needed for use of property
/Users/lihi-ai/loka-ub1/apple/macos/src/MacApp.mm: In member function 'virtual void MacApp::run()':
/Users/lihi-ai/loka-ub1/apple/macos/src/MacApp.mm:117: warning: no '-setActivationPolicy:' method found
/Users/lihi-ai/loka-ub1/apple/macos/src/MacApp.mm:117: warning: (Messages without a matching method signature
/Users/lihi-ai/loka-ub1/apple/macos/src/MacApp.mm:117: warning: will be assumed to return 'id' and accept
/Users/lihi-ai/loka-ub1/apple/macos/src/MacApp.mm:117: warning: '...' as arguments.)
[12/63] Building OBJCXX object apple/macos/CMakeFiles/LokaTutorialStandaloneLoopMacOS.dir/src/platform/MacAppLocation.mm.o
[13/63] Building OBJCXX object apple/macos/CMakeFiles/LokaTutorialStandaloneLoopMacOS.dir/src/context/MacRetirableContext.mm.o
[14/63] Building OBJCXX object apple/macos/CMakeFiles/LokaTutorialStandaloneLoopMacOS.dir/src/MacPlatformContext.mm.o
[15/63] Building OBJCXX object apple/macos/CMakeFiles/LokaTutorialStandaloneLoopMacOS.dir/src/context/MacCellContext.mm.o
/Users/lihi-ai/loka-ub1/apple/macos/src/context/MacCellContext.mm: In constructor 'MacCellContext::MacCellContext(MacScenePlatformController*, void*, int, int, int, int, loka::app::CellNode*)':
/Users/lihi-ai/loka-ub1/apple/macos/src/context/MacCellContext.mm:155: warning: 'LokaCellView' may not respond to '-setWantsLayer:'
/Users/lihi-ai/loka-ub1/apple/macos/src/context/MacCellContext.mm:155: warning: (Messages without a matching method signature
/Users/lihi-ai/loka-ub1/apple/macos/src/context/MacCellContext.mm:155: warning: will be assumed to return 'id' and accept
/Users/lihi-ai/loka-ub1/apple/macos/src/context/MacCellContext.mm:155: warning: '...' as arguments.)
[16/63] Building OBJCXX object apple/macos/CMakeFiles/LokaTutorialStandaloneLoopMacOS.dir/src/context/MacButtonContext.mm.o
/Users/lihi-ai/loka-ub1/apple/macos/src/context/MacButtonContext.mm:86: warning: Mac OS X version 10.5 or later is needed for use of property
[17/63] Building OBJCXX object apple/macos/CMakeFiles/LokaTutorialStandaloneLoopMacOS.dir/src/MacScenePlatformController.mm.o
[18/63] Building OBJCXX object apple/macos/CMakeFiles/LokaTutorialStandaloneLoopMacOS.dir/src/context/MacEditTextContext.mm.o
/Users/lihi-ai/loka-ub1/apple/macos/src/context/MacEditTextContext.mm:49: warning: Mac OS X version 10.5 or later is needed for use of property
[19/63] Building OBJCXX object apple/macos/CMakeFiles/LokaTutorialStandaloneLoopMacOS.dir/src/context/MacOpenFileDialogContext.mm.o
/Users/lihi-ai/loka-ub1/apple/macos/src/context/MacOpenFileDialogContext.mm:22: warning: Mac OS X version 10.5 or later is needed for use of property
[20/63] Building OBJCXX object apple/macos/CMakeFiles/LokaTutorialStandaloneLoopMacOS.dir/src/context/MacTextContext.mm.o
[21/63] Building OBJCXX object apple/macos/CMakeFiles/LokaTutorialStandaloneLoopMacOS.dir/__/common/cocoa/src/AppleString.mm.o
[22/63] Building OBJCXX object apple/macos/CMakeFiles/LokaTutorialStandaloneLoopMacOS.dir/src/context/MacPopupMenuContext.mm.o
/Users/lihi-ai/loka-ub1/apple/macos/src/context/MacPopupMenuContext.mm:47: warning: Mac OS X version 10.5 or later is needed for use of property
[23/63] Building OBJCXX object apple/macos/CMakeFiles/LokaTutorialStandaloneLoopMacOS.dir/src/context/MacRectSurfaceContext.mm.o
[24/63] Building OBJCXX object apple/macos/CMakeFiles/LokaTutorialStandaloneLoopMacOS.dir/src/context/MacImageViewContext.mm.o
[25/63] Building OBJCXX object apple/macos/CMakeFiles/LokaTutorialStandaloneLoopMacOS.dir/src/context/MacScrollViewContext.mm.o
[26/63] Building CXX object apple/macos/CMakeFiles/LokaTutorialStandaloneLoopMacOS.dir/__/__/common/app/MenuComposition.cpp.o
[27/63] Building CXX object apple/macos/CMakeFiles/LokaTutorialStandaloneLoopMacOS.dir/__/__/common/app/core/AppComposition.cpp.o
[28/63] Building CXX object apple/macos/CMakeFiles/LokaTutorialStandaloneLoopMacOS.dir/__/__/common/app/core/App.cpp.o
[29/63] Building CXX object apple/macos/CMakeFiles/LokaTutorialStandaloneLoopMacOS.dir/__/__/common/app/core/MenuController.cpp.o
[30/63] Building CXX object apple/macos/CMakeFiles/LokaTutorialStandaloneLoopMacOS.dir/__/__/common/app/layout/LayoutHeuristics.cpp.o
[31/63] Building CXX object apple/macos/CMakeFiles/LokaTutorialStandaloneLoopMacOS.dir/__/__/common/app/scene/Node.cpp.o
[32/63] Building CXX object apple/macos/CMakeFiles/LokaTutorialStandaloneLoopMacOS.dir/__/__/common/app/core/DialogResultTransport.cpp.o
[33/63] Building CXX object apple/macos/CMakeFiles/LokaTutorialStandaloneLoopMacOS.dir/__/__/common/app/scene/boundary/detail/NodeBuildTicket.cpp.o
[34/63] Building CXX object apple/macos/CMakeFiles/LokaTutorialStandaloneLoopMacOS.dir/__/__/common/app/scene/boundary/BoundaryInnerStateOwner.cpp.o
[35/63] Building CXX object apple/macos/CMakeFiles/LokaTutorialStandaloneLoopMacOS.dir/__/__/common/app/scene/boundary/detail/SeatBuildRequest.cpp.o
[36/63] Building CXX object apple/macos/CMakeFiles/LokaTutorialStandaloneLoopMacOS.dir/__/__/common/app/scene/boundary/detail/SeatReservation.cpp.o
[37/63] Building OBJCXX object apple/macos/CMakeFiles/LokaTutorialStandaloneLoopMacOS.dir/src/MacWindow.mm.o
/Users/lihi-ai/loka-ub1/apple/macos/src/MacWindow.mm:56: warning: Mac OS X version 10.5 or later is needed for use of property
[38/63] Building CXX object apple/macos/CMakeFiles/LokaTutorialStandaloneLoopMacOS.dir/__/__/common/app/scene/node/Conditional.cpp.o
[39/63] Building CXX object apple/macos/CMakeFiles/LokaTutorialStandaloneLoopMacOS.dir/__/__/common/core/LokaAlloc.cpp.o
[40/63] Building CXX object apple/macos/CMakeFiles/LokaTutorialStandaloneLoopMacOS.dir/__/__/common/core/Profiler.cpp.o
[41/63] Building CXX object apple/macos/CMakeFiles/LokaTutorialStandaloneLoopMacOS.dir/__/__/common/app/scene/projection/PlatformController.cpp.o
[42/63] Building CXX object apple/macos/CMakeFiles/LokaTutorialStandaloneLoopMacOS.dir/__/__/common/core/String.cpp.o
[43/63] Building CXX object apple/macos/CMakeFiles/LokaTutorialStandaloneLoopMacOS.dir/__/__/common/core/StateTracker.cpp.o
[44/63] Building CXX object apple/macos/CMakeFiles/LokaTutorialStandaloneLoopMacOS.dir/__/__/common/core/StringBuffer.cpp.o
[45/63] Building CXX object apple/macos/CMakeFiles/LokaTutorialStandaloneLoopMacOS.dir/__/__/common/core/diag/LifecycleAudit.cpp.o
[46/63] Building CXX object apple/macos/CMakeFiles/LokaTutorialStandaloneLoopMacOS.dir/__/__/common/app/scene/composition/NodeComposition.cpp.o
[47/63] Building CXX object apple/macos/CMakeFiles/LokaTutorialStandaloneLoopMacOS.dir/__/__/common/core/resource/lrpk/LrpkStdioByteSource.cpp.o
[48/63] Building CXX object apple/macos/CMakeFiles/LokaTutorialStandaloneLoopMacOS.dir/__/__/common/platform/GenericString.cpp.o
[49/63] Building CXX object apple/macos/CMakeFiles/LokaTutorialStandaloneLoopMacOS.dir/__/__/common/platform/StringUTF8.cpp.o
[50/63] Building CXX object apple/macos/CMakeFiles/LokaTutorialStandaloneLoopMacOS.dir/__/__/common/platform/debug/GenericDebugLog.cpp.o
[51/63] Building CXX object apple/macos/CMakeFiles/LokaTutorialStandaloneLoopMacOS.dir/__/__/common/platform/file/GenericAppLocation.cpp.o
[52/63] Building CXX object apple/macos/CMakeFiles/LokaTutorialStandaloneLoopMacOS.dir/__/__/common/core/Value.cpp.o
[53/63] Building CXX object apple/macos/CMakeFiles/LokaTutorialStandaloneLoopMacOS.dir/__/__/common/core/resource/lrpk/LrpkReader.cpp.o
[54/63] Building CXX object apple/macos/CMakeFiles/LokaTutorialStandaloneLoopMacOS.dir/__/__/common/platform/file/GenericFileIO.cpp.o
[55/63] Building CXX object apple/macos/CMakeFiles/LokaTutorialStandaloneLoopMacOS.dir/__/__/common/app/core/SceneManager.cpp.o
[56/63] Building CXX object apple/macos/CMakeFiles/LokaTutorialStandaloneLoopMacOS.dir/__/__/common/testing/scene/ScenarioAudit.cpp.o
[57/63] Building CXX object apple/macos/CMakeFiles/LokaTutorialStandaloneLoopMacOS.dir/__/__/common/testing/snap/SnapFormat.cpp.o
[58/63] Building CXX object apple/macos/CMakeFiles/LokaTutorialStandaloneLoopMacOS.dir/__/__/common/app/core/Window.cpp.o
[59/63] Building CXX object apple/macos/CMakeFiles/LokaTutorialStandaloneLoopMacOS.dir/__/__/common/app/scene/boundary/Boundary.cpp.o
[60/63] Building CXX object apple/macos/CMakeFiles/LokaTutorialStandaloneLoopMacOS.dir/__/__/tests/scenarios/TutorialScenarios.cpp.o
[61/63] Building CXX object apple/macos/CMakeFiles/LokaTutorialStandaloneLoopMacOS.dir/__/__/tests/standalone/TutorialStandaloneFlowAppConfig.cpp.o
[62/63] Linking CXX executable apple/macos/LokaTutorialStandaloneLoopMacOS.app/Contents/MacOS/LokaTutorialStandaloneLoopMacOS
-- Configuring done (0.2s)
-- Generating done (0.5s)
-- Build files have been written to: /Users/lihi-ai/loka-ub1/build/macos-10.4-ub1/Release-i386
[0/2] Re-checking globbed directories...
[1/63] Building OBJCXX object apple/macos/CMakeFiles/LokaMineSweeperStandaloneLoopMacOS.dir/src/MacBootstrap.mm.o
[2/63] Building CXX object apple/macos/CMakeFiles/LokaMineSweeperStandaloneLoopMacOS.dir/__/__/tests/scenarios/ScenarioTypes.cpp.o
[3/63] Building OBJCXX object apple/macos/CMakeFiles/LokaMineSweeperStandaloneLoopMacOS.dir/src/MacMenuProjection.mm.o
[4/63] Building CXX object apple/macos/CMakeFiles/LokaMineSweeperStandaloneLoopMacOS.dir/__/__/tests/TestingHooks.cpp.o
[5/63] Building CXX object apple/macos/CMakeFiles/LokaMineSweeperStandaloneLoopMacOS.dir/__/__/tests/standalone/StandaloneScenarioSupport.cpp.o
[6/63] Building CXX object apple/macos/CMakeFiles/LokaMineSweeperStandaloneLoopMacOS.dir/__/__/tests/scenarios/ScenarioReel.cpp.o
[7/63] Building CXX object apple/macos/CMakeFiles/LokaMineSweeperStandaloneLoopMacOS.dir/src/MacProfiler.cpp.o
[8/63] Building OBJCXX object apple/macos/CMakeFiles/LokaMineSweeperStandaloneLoopMacOS.dir/src/MacBuiltInSupport.mm.o
[9/63] Building OBJCXX object apple/macos/CMakeFiles/LokaMineSweeperStandaloneLoopMacOS.dir/__/__/tests/macos/StandaloneFlowMain.mm.o
[10/63] Building OBJCXX object apple/macos/CMakeFiles/LokaMineSweeperStandaloneLoopMacOS.dir/src/MacApp.mm.o
/Users/lihi-ai/loka-ub1/apple/macos/src/MacApp.mm:15: warning: Mac OS X version 10.5 or later is needed for use of property
/Users/lihi-ai/loka-ub1/apple/macos/src/MacApp.mm:34: warning: Mac OS X version 10.5 or later is needed for use of property
/Users/lihi-ai/loka-ub1/apple/macos/src/MacApp.mm: In member function 'virtual void MacApp::run()':
/Users/lihi-ai/loka-ub1/apple/macos/src/MacApp.mm:117: warning: no '-setActivationPolicy:' method found
/Users/lihi-ai/loka-ub1/apple/macos/src/MacApp.mm:117: warning: (Messages without a matching method signature
/Users/lihi-ai/loka-ub1/apple/macos/src/MacApp.mm:117: warning: will be assumed to return 'id' and accept
/Users/lihi-ai/loka-ub1/apple/macos/src/MacApp.mm:117: warning: '...' as arguments.)
[11/63] Building OBJCXX object apple/macos/CMakeFiles/LokaMineSweeperStandaloneLoopMacOS.dir/src/MacDisplayAppearance.mm.o
[12/63] Building OBJCXX object apple/macos/CMakeFiles/LokaMineSweeperStandaloneLoopMacOS.dir/src/context/MacRetirableContext.mm.o
[13/63] Building OBJCXX object apple/macos/CMakeFiles/LokaMineSweeperStandaloneLoopMacOS.dir/src/platform/MacAppLocation.mm.o
[14/63] Building OBJCXX object apple/macos/CMakeFiles/LokaMineSweeperStandaloneLoopMacOS.dir/src/MacPlatformContext.mm.o
[15/63] Building OBJCXX object apple/macos/CMakeFiles/LokaMineSweeperStandaloneLoopMacOS.dir/src/context/MacButtonContext.mm.o
/Users/lihi-ai/loka-ub1/apple/macos/src/context/MacButtonContext.mm:86: warning: Mac OS X version 10.5 or later is needed for use of property
[16/63] Building OBJCXX object apple/macos/CMakeFiles/LokaMineSweeperStandaloneLoopMacOS.dir/src/context/MacCellContext.mm.o
/Users/lihi-ai/loka-ub1/apple/macos/src/context/MacCellContext.mm: In constructor 'MacCellContext::MacCellContext(MacScenePlatformController*, void*, int, int, int, int, loka::app::CellNode*)':
/Users/lihi-ai/loka-ub1/apple/macos/src/context/MacCellContext.mm:155: warning: 'LokaCellView' may not respond to '-setWantsLayer:'
/Users/lihi-ai/loka-ub1/apple/macos/src/context/MacCellContext.mm:155: warning: (Messages without a matching method signature
/Users/lihi-ai/loka-ub1/apple/macos/src/context/MacCellContext.mm:155: warning: will be assumed to return 'id' and accept
/Users/lihi-ai/loka-ub1/apple/macos/src/context/MacCellContext.mm:155: warning: '...' as arguments.)
[17/63] Building OBJCXX object apple/macos/CMakeFiles/LokaMineSweeperStandaloneLoopMacOS.dir/src/MacScenePlatformController.mm.o
[18/63] Building OBJCXX object apple/macos/CMakeFiles/LokaMineSweeperStandaloneLoopMacOS.dir/src/context/MacEditTextContext.mm.o
/Users/lihi-ai/loka-ub1/apple/macos/src/context/MacEditTextContext.mm:49: warning: Mac OS X version 10.5 or later is needed for use of property
[19/63] Building OBJCXX object apple/macos/CMakeFiles/LokaMineSweeperStandaloneLoopMacOS.dir/src/context/MacOpenFileDialogContext.mm.o
/Users/lihi-ai/loka-ub1/apple/macos/src/context/MacOpenFileDialogContext.mm:22: warning: Mac OS X version 10.5 or later is needed for use of property
[20/63] Building OBJCXX object apple/macos/CMakeFiles/LokaMineSweeperStandaloneLoopMacOS.dir/src/context/MacTextContext.mm.o
[21/63] Building OBJCXX object apple/macos/CMakeFiles/LokaMineSweeperStandaloneLoopMacOS.dir/__/common/cocoa/src/AppleString.mm.o
[22/63] Building OBJCXX object apple/macos/CMakeFiles/LokaMineSweeperStandaloneLoopMacOS.dir/src/context/MacImageViewContext.mm.o
[23/63] Building OBJCXX object apple/macos/CMakeFiles/LokaMineSweeperStandaloneLoopMacOS.dir/src/context/MacRectSurfaceContext.mm.o
[24/63] Building CXX object apple/macos/CMakeFiles/LokaMineSweeperStandaloneLoopMacOS.dir/__/__/common/app/MenuComposition.cpp.o
[25/63] Building OBJCXX object apple/macos/CMakeFiles/LokaMineSweeperStandaloneLoopMacOS.dir/src/context/MacPopupMenuContext.mm.o
/Users/lihi-ai/loka-ub1/apple/macos/src/context/MacPopupMenuContext.mm:47: warning: Mac OS X version 10.5 or later is needed for use of property
[26/63] Building OBJCXX object apple/macos/CMakeFiles/LokaMineSweeperStandaloneLoopMacOS.dir/src/context/MacScrollViewContext.mm.o
[27/63] Building CXX object apple/macos/CMakeFiles/LokaMineSweeperStandaloneLoopMacOS.dir/__/__/common/app/core/AppComposition.cpp.o
[28/63] Building CXX object apple/macos/CMakeFiles/LokaMineSweeperStandaloneLoopMacOS.dir/__/__/common/app/core/App.cpp.o
[29/63] Building CXX object apple/macos/CMakeFiles/LokaMineSweeperStandaloneLoopMacOS.dir/__/__/common/app/core/MenuController.cpp.o
[30/63] Building CXX object apple/macos/CMakeFiles/LokaMineSweeperStandaloneLoopMacOS.dir/__/__/common/app/core/DialogResultTransport.cpp.o
[31/63] Building CXX object apple/macos/CMakeFiles/LokaMineSweeperStandaloneLoopMacOS.dir/__/__/common/app/scene/Node.cpp.o
[32/63] Building CXX object apple/macos/CMakeFiles/LokaMineSweeperStandaloneLoopMacOS.dir/__/__/common/app/layout/LayoutHeuristics.cpp.o
[33/63] Building CXX object apple/macos/CMakeFiles/LokaMineSweeperStandaloneLoopMacOS.dir/__/__/common/app/scene/boundary/detail/NodeBuildTicket.cpp.o
[34/63] Building CXX object apple/macos/CMakeFiles/LokaMineSweeperStandaloneLoopMacOS.dir/__/__/common/app/scene/boundary/BoundaryInnerStateOwner.cpp.o
[35/63] Building CXX object apple/macos/CMakeFiles/LokaMineSweeperStandaloneLoopMacOS.dir/__/__/common/app/scene/boundary/detail/SeatBuildRequest.cpp.o
[36/63] Building CXX object apple/macos/CMakeFiles/LokaMineSweeperStandaloneLoopMacOS.dir/__/__/common/app/scene/boundary/detail/SeatReservation.cpp.o
[37/63] Building CXX object apple/macos/CMakeFiles/LokaMineSweeperStandaloneLoopMacOS.dir/__/__/common/app/scene/node/Conditional.cpp.o
[38/63] Building OBJCXX object apple/macos/CMakeFiles/LokaMineSweeperStandaloneLoopMacOS.dir/src/MacWindow.mm.o
/Users/lihi-ai/loka-ub1/apple/macos/src/MacWindow.mm:56: warning: Mac OS X version 10.5 or later is needed for use of property
[39/63] Building CXX object apple/macos/CMakeFiles/LokaMineSweeperStandaloneLoopMacOS.dir/__/__/common/core/LokaAlloc.cpp.o
[40/63] Building CXX object apple/macos/CMakeFiles/LokaMineSweeperStandaloneLoopMacOS.dir/__/__/common/core/Profiler.cpp.o
[41/63] Building CXX object apple/macos/CMakeFiles/LokaMineSweeperStandaloneLoopMacOS.dir/__/__/common/app/scene/projection/PlatformController.cpp.o
[42/63] Building CXX object apple/macos/CMakeFiles/LokaMineSweeperStandaloneLoopMacOS.dir/__/__/common/core/String.cpp.o
[43/63] Building CXX object apple/macos/CMakeFiles/LokaMineSweeperStandaloneLoopMacOS.dir/__/__/common/core/StateTracker.cpp.o
[44/63] Building CXX object apple/macos/CMakeFiles/LokaMineSweeperStandaloneLoopMacOS.dir/__/__/common/core/StringBuffer.cpp.o
[45/63] Building CXX object apple/macos/CMakeFiles/LokaMineSweeperStandaloneLoopMacOS.dir/__/__/common/core/diag/LifecycleAudit.cpp.o
[46/63] Building CXX object apple/macos/CMakeFiles/LokaMineSweeperStandaloneLoopMacOS.dir/__/__/common/app/scene/composition/NodeComposition.cpp.o
[47/63] Building CXX object apple/macos/CMakeFiles/LokaMineSweeperStandaloneLoopMacOS.dir/__/__/common/core/resource/lrpk/LrpkStdioByteSource.cpp.o
[48/63] Building CXX object apple/macos/CMakeFiles/LokaMineSweeperStandaloneLoopMacOS.dir/__/__/common/platform/GenericString.cpp.o
[49/63] Building CXX object apple/macos/CMakeFiles/LokaMineSweeperStandaloneLoopMacOS.dir/__/__/common/platform/StringUTF8.cpp.o
[50/63] Building CXX object apple/macos/CMakeFiles/LokaMineSweeperStandaloneLoopMacOS.dir/__/__/common/platform/debug/GenericDebugLog.cpp.o
[51/63] Building CXX object apple/macos/CMakeFiles/LokaMineSweeperStandaloneLoopMacOS.dir/__/__/common/platform/file/GenericAppLocation.cpp.o
[52/63] Building CXX object apple/macos/CMakeFiles/LokaMineSweeperStandaloneLoopMacOS.dir/__/__/common/core/Value.cpp.o
[53/63] Building CXX object apple/macos/CMakeFiles/LokaMineSweeperStandaloneLoopMacOS.dir/__/__/common/app/core/SceneManager.cpp.o
[54/63] Building CXX object apple/macos/CMakeFiles/LokaMineSweeperStandaloneLoopMacOS.dir/__/__/common/core/resource/lrpk/LrpkReader.cpp.o
[55/63] Building CXX object apple/macos/CMakeFiles/LokaMineSweeperStandaloneLoopMacOS.dir/__/__/common/platform/file/GenericFileIO.cpp.o
[56/63] Building CXX object apple/macos/CMakeFiles/LokaMineSweeperStandaloneLoopMacOS.dir/__/__/common/app/core/Window.cpp.o
[57/63] Building CXX object apple/macos/CMakeFiles/LokaMineSweeperStandaloneLoopMacOS.dir/__/__/common/testing/scene/ScenarioAudit.cpp.o
[58/63] Building CXX object apple/macos/CMakeFiles/LokaMineSweeperStandaloneLoopMacOS.dir/__/__/common/testing/snap/SnapFormat.cpp.o
[59/63] Building CXX object apple/macos/CMakeFiles/LokaMineSweeperStandaloneLoopMacOS.dir/__/__/common/app/scene/boundary/Boundary.cpp.o
[60/63] Building CXX object apple/macos/CMakeFiles/LokaMineSweeperStandaloneLoopMacOS.dir/__/__/tests/standalone/MineSweeperStandaloneFlowAppConfig.cpp.o
[61/63] Building CXX object apple/macos/CMakeFiles/LokaMineSweeperStandaloneLoopMacOS.dir/__/__/tests/scenarios/MineSweeperScenarios.cpp.o
[62/63] Linking CXX executable apple/macos/LokaMineSweeperStandaloneLoopMacOS.app/Contents/MacOS/LokaMineSweeperStandaloneLoopMacOS
-- Configuring done (0.7s)
-- Generating done (1.7s)
-- Build files have been written to: /Users/lihi-ai/loka-ub1/build/macos-10.4-ub1/Release-i386
[0/2] Re-checking globbed directories...
[1/64] Building OBJCXX object apple/macos/CMakeFiles/LokaFloppyBirdStandaloneLoopMacOS.dir/src/MacBootstrap.mm.o
[2/64] Building CXX object apple/macos/CMakeFiles/LokaFloppyBirdStandaloneLoopMacOS.dir/__/__/tests/scenarios/ScenarioTypes.cpp.o
[3/64] Building OBJCXX object apple/macos/CMakeFiles/LokaFloppyBirdStandaloneLoopMacOS.dir/src/MacMenuProjection.mm.o
[4/64] Building CXX object apple/macos/CMakeFiles/LokaFloppyBirdStandaloneLoopMacOS.dir/__/__/tests/TestingHooks.cpp.o
[5/64] Building CXX object apple/macos/CMakeFiles/LokaFloppyBirdStandaloneLoopMacOS.dir/__/__/tests/scenarios/ScenarioReel.cpp.o
[6/64] Building CXX object apple/macos/CMakeFiles/LokaFloppyBirdStandaloneLoopMacOS.dir/__/__/tests/standalone/StandaloneScenarioSupport.cpp.o
[7/64] Building CXX object apple/macos/CMakeFiles/LokaFloppyBirdStandaloneLoopMacOS.dir/src/MacProfiler.cpp.o
[8/64] Building OBJCXX object apple/macos/CMakeFiles/LokaFloppyBirdStandaloneLoopMacOS.dir/src/MacBuiltInSupport.mm.o
[9/64] Building OBJCXX object apple/macos/CMakeFiles/LokaFloppyBirdStandaloneLoopMacOS.dir/__/__/tests/macos/StandaloneFlowMain.mm.o
[10/64] Building OBJCXX object apple/macos/CMakeFiles/LokaFloppyBirdStandaloneLoopMacOS.dir/src/MacApp.mm.o
/Users/lihi-ai/loka-ub1/apple/macos/src/MacApp.mm:15: warning: Mac OS X version 10.5 or later is needed for use of property
/Users/lihi-ai/loka-ub1/apple/macos/src/MacApp.mm:34: warning: Mac OS X version 10.5 or later is needed for use of property
/Users/lihi-ai/loka-ub1/apple/macos/src/MacApp.mm: In member function 'virtual void MacApp::run()':
/Users/lihi-ai/loka-ub1/apple/macos/src/MacApp.mm:117: warning: no '-setActivationPolicy:' method found
/Users/lihi-ai/loka-ub1/apple/macos/src/MacApp.mm:117: warning: (Messages without a matching method signature
/Users/lihi-ai/loka-ub1/apple/macos/src/MacApp.mm:117: warning: will be assumed to return 'id' and accept
/Users/lihi-ai/loka-ub1/apple/macos/src/MacApp.mm:117: warning: '...' as arguments.)
[11/64] Building OBJCXX object apple/macos/CMakeFiles/LokaFloppyBirdStandaloneLoopMacOS.dir/src/platform/MacAppLocation.mm.o
[12/64] Building OBJCXX object apple/macos/CMakeFiles/LokaFloppyBirdStandaloneLoopMacOS.dir/src/MacDisplayAppearance.mm.o
[13/64] Building OBJCXX object apple/macos/CMakeFiles/LokaFloppyBirdStandaloneLoopMacOS.dir/src/context/MacRetirableContext.mm.o
[14/64] Building OBJCXX object apple/macos/CMakeFiles/LokaFloppyBirdStandaloneLoopMacOS.dir/src/MacPlatformContext.mm.o
[15/64] Building OBJCXX object apple/macos/CMakeFiles/LokaFloppyBirdStandaloneLoopMacOS.dir/src/context/MacButtonContext.mm.o
/Users/lihi-ai/loka-ub1/apple/macos/src/context/MacButtonContext.mm:86: warning: Mac OS X version 10.5 or later is needed for use of property
[16/64] Building OBJCXX object apple/macos/CMakeFiles/LokaFloppyBirdStandaloneLoopMacOS.dir/src/context/MacCellContext.mm.o
/Users/lihi-ai/loka-ub1/apple/macos/src/context/MacCellContext.mm: In constructor 'MacCellContext::MacCellContext(MacScenePlatformController*, void*, int, int, int, int, loka::app::CellNode*)':
/Users/lihi-ai/loka-ub1/apple/macos/src/context/MacCellContext.mm:155: warning: 'LokaCellView' may not respond to '-setWantsLayer:'
/Users/lihi-ai/loka-ub1/apple/macos/src/context/MacCellContext.mm:155: warning: (Messages without a matching method signature
/Users/lihi-ai/loka-ub1/apple/macos/src/context/MacCellContext.mm:155: warning: will be assumed to return 'id' and accept
/Users/lihi-ai/loka-ub1/apple/macos/src/context/MacCellContext.mm:155: warning: '...' as arguments.)
[17/64] Building OBJCXX object apple/macos/CMakeFiles/LokaFloppyBirdStandaloneLoopMacOS.dir/src/context/MacEditTextContext.mm.o
/Users/lihi-ai/loka-ub1/apple/macos/src/context/MacEditTextContext.mm:49: warning: Mac OS X version 10.5 or later is needed for use of property
[18/64] Building OBJCXX object apple/macos/CMakeFiles/LokaFloppyBirdStandaloneLoopMacOS.dir/src/context/MacOpenFileDialogContext.mm.o
/Users/lihi-ai/loka-ub1/apple/macos/src/context/MacOpenFileDialogContext.mm:22: warning: Mac OS X version 10.5 or later is needed for use of property
[19/64] Building OBJCXX object apple/macos/CMakeFiles/LokaFloppyBirdStandaloneLoopMacOS.dir/src/MacScenePlatformController.mm.o
[20/64] Building OBJCXX object apple/macos/CMakeFiles/LokaFloppyBirdStandaloneLoopMacOS.dir/src/context/MacTextContext.mm.o
[21/64] Building OBJCXX object apple/macos/CMakeFiles/LokaFloppyBirdStandaloneLoopMacOS.dir/__/common/cocoa/src/AppleString.mm.o
[22/64] Building CXX object apple/macos/CMakeFiles/LokaFloppyBirdStandaloneLoopMacOS.dir/__/__/common/app/MenuComposition.cpp.o
[23/64] Building OBJCXX object apple/macos/CMakeFiles/LokaFloppyBirdStandaloneLoopMacOS.dir/src/context/MacImageViewContext.mm.o
[24/64] Building OBJCXX object apple/macos/CMakeFiles/LokaFloppyBirdStandaloneLoopMacOS.dir/src/context/MacScrollViewContext.mm.o
[25/64] Building OBJCXX object apple/macos/CMakeFiles/LokaFloppyBirdStandaloneLoopMacOS.dir/src/context/MacPopupMenuContext.mm.o
/Users/lihi-ai/loka-ub1/apple/macos/src/context/MacPopupMenuContext.mm:47: warning: Mac OS X version 10.5 or later is needed for use of property
[26/64] Building OBJCXX object apple/macos/CMakeFiles/LokaFloppyBirdStandaloneLoopMacOS.dir/src/context/MacRectSurfaceContext.mm.o
[27/64] Building CXX object apple/macos/CMakeFiles/LokaFloppyBirdStandaloneLoopMacOS.dir/__/__/common/app/core/App.cpp.o
[28/64] Building CXX object apple/macos/CMakeFiles/LokaFloppyBirdStandaloneLoopMacOS.dir/__/__/common/app/core/AppComposition.cpp.o
[29/64] Building CXX object apple/macos/CMakeFiles/LokaFloppyBirdStandaloneLoopMacOS.dir/__/__/common/app/core/MenuController.cpp.o
[30/64] Building CXX object apple/macos/CMakeFiles/LokaFloppyBirdStandaloneLoopMacOS.dir/__/__/common/app/scene/Node.cpp.o
[31/64] Building CXX object apple/macos/CMakeFiles/LokaFloppyBirdStandaloneLoopMacOS.dir/__/__/common/app/layout/LayoutHeuristics.cpp.o
[32/64] Building CXX object apple/macos/CMakeFiles/LokaFloppyBirdStandaloneLoopMacOS.dir/__/__/common/app/core/DialogResultTransport.cpp.o
[33/64] Building CXX object apple/macos/CMakeFiles/LokaFloppyBirdStandaloneLoopMacOS.dir/__/__/common/app/scene/boundary/detail/NodeBuildTicket.cpp.o
[34/64] Building CXX object apple/macos/CMakeFiles/LokaFloppyBirdStandaloneLoopMacOS.dir/__/__/common/app/scene/boundary/detail/SeatBuildRequest.cpp.o
[35/64] Building CXX object apple/macos/CMakeFiles/LokaFloppyBirdStandaloneLoopMacOS.dir/__/__/common/app/scene/boundary/BoundaryInnerStateOwner.cpp.o
[36/64] Building CXX object apple/macos/CMakeFiles/LokaFloppyBirdStandaloneLoopMacOS.dir/__/__/common/app/scene/boundary/detail/SeatReservation.cpp.o
[37/64] Building CXX object apple/macos/CMakeFiles/LokaFloppyBirdStandaloneLoopMacOS.dir/__/__/common/app/scene/node/Conditional.cpp.o
[38/64] Building CXX object apple/macos/CMakeFiles/LokaFloppyBirdStandaloneLoopMacOS.dir/__/__/common/app/scene/projection/PlatformController.cpp.o
[39/64] Building CXX object apple/macos/CMakeFiles/LokaFloppyBirdStandaloneLoopMacOS.dir/__/__/common/core/LokaAlloc.cpp.o
[40/64] Building CXX object apple/macos/CMakeFiles/LokaFloppyBirdStandaloneLoopMacOS.dir/__/__/common/core/Profiler.cpp.o
[41/64] Building OBJCXX object apple/macos/CMakeFiles/LokaFloppyBirdStandaloneLoopMacOS.dir/src/MacWindow.mm.o
/Users/lihi-ai/loka-ub1/apple/macos/src/MacWindow.mm:56: warning: Mac OS X version 10.5 or later is needed for use of property
[42/64] Building CXX object apple/macos/CMakeFiles/LokaFloppyBirdStandaloneLoopMacOS.dir/__/__/common/core/String.cpp.o
[43/64] Building CXX object apple/macos/CMakeFiles/LokaFloppyBirdStandaloneLoopMacOS.dir/__/__/common/core/StateTracker.cpp.o
[44/64] Building CXX object apple/macos/CMakeFiles/LokaFloppyBirdStandaloneLoopMacOS.dir/__/__/common/core/StringBuffer.cpp.o
[45/64] Building CXX object apple/macos/CMakeFiles/LokaFloppyBirdStandaloneLoopMacOS.dir/__/__/common/core/diag/LifecycleAudit.cpp.o
[46/64] Building CXX object apple/macos/CMakeFiles/LokaFloppyBirdStandaloneLoopMacOS.dir/__/__/common/core/Value.cpp.o
[47/64] Building CXX object apple/macos/CMakeFiles/LokaFloppyBirdStandaloneLoopMacOS.dir/__/__/common/app/scene/composition/NodeComposition.cpp.o
[48/64] Building CXX object apple/macos/CMakeFiles/LokaFloppyBirdStandaloneLoopMacOS.dir/__/__/common/platform/GenericString.cpp.o
[49/64] Building CXX object apple/macos/CMakeFiles/LokaFloppyBirdStandaloneLoopMacOS.dir/__/__/common/platform/StringUTF8.cpp.o
[50/64] Building CXX object apple/macos/CMakeFiles/LokaFloppyBirdStandaloneLoopMacOS.dir/__/__/common/core/resource/lrpk/LrpkStdioByteSource.cpp.o
[51/64] Building CXX object apple/macos/CMakeFiles/LokaFloppyBirdStandaloneLoopMacOS.dir/__/__/common/platform/debug/GenericDebugLog.cpp.o
[52/64] Building CXX object apple/macos/CMakeFiles/LokaFloppyBirdStandaloneLoopMacOS.dir/__/__/common/platform/file/GenericAppLocation.cpp.o
[53/64] Building CXX object apple/macos/CMakeFiles/LokaFloppyBirdStandaloneLoopMacOS.dir/__/__/common/core/resource/lrpk/LrpkReader.cpp.o
[54/64] Building CXX object apple/macos/CMakeFiles/LokaFloppyBirdStandaloneLoopMacOS.dir/__/__/common/platform/file/GenericFileIO.cpp.o
[55/64] Building CXX object apple/macos/CMakeFiles/LokaFloppyBirdStandaloneLoopMacOS.dir/__/__/common/testing/scene/ScenarioAudit.cpp.o
[56/64] Building CXX object apple/macos/CMakeFiles/LokaFloppyBirdStandaloneLoopMacOS.dir/__/__/common/testing/snap/SnapFormat.cpp.o
[57/64] Building CXX object apple/macos/CMakeFiles/LokaFloppyBirdStandaloneLoopMacOS.dir/__/__/common/app/core/SceneManager.cpp.o
[58/64] Building CXX object apple/macos/CMakeFiles/LokaFloppyBirdStandaloneLoopMacOS.dir/__/__/common/app/core/Window.cpp.o
[59/64] Building CXX object apple/macos/CMakeFiles/LokaFloppyBirdStandaloneLoopMacOS.dir/__/__/tests/scenarios/RectSurfaceScenarioObservation.cpp.o
[60/64] Building CXX object apple/macos/CMakeFiles/LokaFloppyBirdStandaloneLoopMacOS.dir/__/__/tests/scenarios/FloppyBirdScenarios.cpp.o
[61/64] Building CXX object apple/macos/CMakeFiles/LokaFloppyBirdStandaloneLoopMacOS.dir/__/__/common/app/scene/boundary/Boundary.cpp.o
[62/64] Building CXX object apple/macos/CMakeFiles/LokaFloppyBirdStandaloneLoopMacOS.dir/__/__/tests/standalone/FloppyBirdStandaloneFlowAppConfig.cpp.o
[63/64] Linking CXX executable apple/macos/LokaFloppyBirdStandaloneLoopMacOS.app/Contents/MacOS/LokaFloppyBirdStandaloneLoopMacOS
Architectures in the fat file: /Users/lihi-ai/loka-ub1/build/macos-10.4-ub1/universal/.LokaSimpleViewerMacOS.KHrSD0/LokaSimpleViewerMacOS.app/Contents/MacOS/LokaSimpleViewerMacOS are: ppc i386 
Architectures in the fat file: /Users/lihi-ai/loka-ub1/build/macos-10.4-ub1/universal/.LokaScrapbookStandaloneLoopMacOS.o2CX70/LokaScrapbookStandaloneLoopMacOS.app/Contents/MacOS/LokaScrapbookStandaloneLoopMacOS are: ppc i386 
Architectures in the fat file: /Users/lihi-ai/loka-ub1/build/macos-10.4-ub1/universal/.LokaHelloWorldStandaloneLoopMacOS.9xbVoK/LokaHelloWorldStandaloneLoopMacOS.app/Contents/MacOS/LokaHelloWorldStandaloneLoopMacOS are: ppc i386 
Architectures in the fat file: /Users/lihi-ai/loka-ub1/build/macos-10.4-ub1/universal/.LokaTutorialStandaloneLoopMacOS.6DqWCx/LokaTutorialStandaloneLoopMacOS.app/Contents/MacOS/LokaTutorialStandaloneLoopMacOS are: ppc i386 
Architectures in the fat file: /Users/lihi-ai/loka-ub1/build/macos-10.4-ub1/universal/.LokaMineSweeperStandaloneLoopMacOS.fSFRcG/LokaMineSweeperStandaloneLoopMacOS.app/Contents/MacOS/LokaMineSweeperStandaloneLoopMacOS are: ppc i386 
Architectures in the fat file: /Users/lihi-ai/loka-ub1/build/macos-10.4-ub1/universal/.LokaFloppyBirdStandaloneLoopMacOS.Hu4kRq/LokaFloppyBirdStandaloneLoopMacOS.app/Contents/MacOS/LokaFloppyBirdStandaloneLoopMacOS are: ppc i386 
Staged five autonomous UB1 loops plus SimpleViewer (ppc;i386): /Users/lihi-ai/loka-ub1/build/release/macos-tiger-ub1
stage exit=0
total 0
drwxr-xr-x  3 lihi-ai  staff  102 Sep 16 18:50 .
drwxr-xr-x  4 lihi-ai  staff  136 Sep 16 17:45 ..
drwxr-xr-x  9 lihi-ai  staff  306 Sep 16 18:50 macos-tiger-ub1
-rw-r--r--  1 lihi-ai  staff  3390312 Sep 16 18:50 build/release/Loka-macos-standalone-UB1-tiger.zip
done Wed Sep 16 18:50:39 JST 2026
